1,50000,0
2,50000,0
3,50000,0
4,50000,194.29
5,50000,0
6,50000,0
7,50000,0
8,50000,0
9,50000,0
10,50000,0
11,50000,0
12,50000,0
13,50000,0
14,50000,0
15,50000,0
16,50000,0
17,50000,0
18,50000,277.15
19,50000,0
20,50000,0
21,50000,0
22,50000,0
23,50000,27.088
24,50000,16.249
25,50000,0
26,50000,140.87
27,50000,0
28,50000,272.26
29,50000,0
30,50000,0
31,50000,0
32,50000,0
33,50000,0
34,50000,0
35,50000,0
36,50000,0
37,50000,0
38,50000,0
39,50000,0
40,50000,0.51749
41,50000,0
42,50000,0
43,50000,0
44,50000,0
45,50000,395.35
46,50000,0
47,50000,0
48,50000,0
49,50000,0
50,50000,33.398
51,50000,367.29
52,50000,61.085
53,50000,8.1881
54,50000,299.11
55,50000,0
56,50000,49.714
57,50000,33.854
58,50000,342.8
59,50000,0
60,50000,82.748
61,50000,0
62,50000,25.613
63,50000,0
64,50000,20.549
65,50000,25.105
66,50000,0
67,50000,0
68,50000,0
69,50000,0
70,50000,0
71,50000,0
72,50000,457.07
73,50000,0
74,50000,0
75,50000,0
76,50000,0
77,50000,0
78,50000,0
79,50000,0
80,50000,0
81,50000,0
82,50000,0
83,50000,0
84,50000,0
85,50000,0
86,50000,0
87,50000,0
88,50000,0
89,50000,0
90,50000,21.4
91,50000,0
92,50000,0
93,50000,0
94,50000,71.737
95,50000,0
96,50000,0
97,50000,3.1817
98,50000,0
99,50000,0
100,50000,0
101,50000,15.123
102,50000,2.0987
103,50000,0
104,50000,0
105,50000,0
106,50000,0
107,50000,0
108,50000,0
109,50000,0
110,50000,1.4369
111,50000,2.0644
112,50000,0
113,50000,0
114,50000,2.8245
115,50000,0.24945
116,50000,156.81
117,50000,0
118,50000,0
119,50000,0
120,50000,4.5366
121,50000,0
122,50000,0
123,50000,0
124,50000,12.549
125,50000,36.783
126,50000,0
127,50000,0
128,50000,174.73
129,50000,32.1
130,50000,0
131,50000,6.6038
132,50000,0
133,50000,0
134,50000,3.7551
135,50000,449.25
136,50000,62.758
137,50000,0
138,50000,0
139,50000,0
140,50000,0
141,50000,95.877
142,50000,1.1747
143,50000,0
144,50000,0
145,50000,1.0826
146,50000,0
147,50000,0
148,50000,6.7624
149,50000,0
150,50000,7.8871
151,50000,123.7
152,50000,0
153,50000,1.2216
154,50000,0
155,50000,0
156,50000,0
157,50000,0
158,50000,0
159,50000,0
160,50000,0
161,50000,11.738
162,50000,0
163,50000,36.543
164,50000,0.20298
165,50000,0
166,50000,9.7477
167,50000,0
168,50000,0
169,50000,0
170,50000,0
171,50000,0
172,50000,197.12
173,50000,4.6972
174,50000,0
175,50000,0
176,50000,10.395
177,50000,0
178,50000,0
179,50000,0
180,50000,0
181,50000,140.37
182,50000,0
183,50000,1.3683
184,50000,0
185,50000,231.05
186,50000,12.64
187,50000,2.6305
188,50000,432.46
189,50000,0
190,50000,563.12
191,50000,0
192,50000,115.65
193,50000,0
194,50000,0
195,50000,0
196,50000,0
197,50000,0
198,50000,0
199,50000,0
200,50000,0
201,50000,0
202,50000,0.21677
203,50000,0
204,50000,0
205,50000,0.13812
206,50000,2.4367
207,50000,0
208,50000,0
209,50000,0
210,50000,7.8722
211,50000,0
212,50000,0
213,50000,0.28685
214,50000,0
215,50000,0
216,50000,0
217,50000,0
218,50000,74.755
219,50000,58.799
220,50000,0
221,50000,0
222,50000,0
223,50000,25.779
224,50000,0
225,50000,22.215
226,50000,0
227,50000,0
228,50000,0
229,50000,0.16528
230,50000,13.869
231,50000,403.57
232,50000,37.884
233,50000,130.41
234,50000,360.68
235,50000,68.854
236,50000,22.24
237,50000,0
238,50000,9.2538
239,50000,0
240,50000,32.21
241,50000,0
242,50000,0
243,50000,229.57
244,50000,0
245,50000,14.877
246,50000,21.027
247,50000,0
248,50000,108.29
249,50000,0
250,50000,169.2
251,50000,0
252,50000,0
253,50000,0
254,50000,0
255,50000,212.57
256,50000,2.4665
257,50000,0
258,50000,0
259,50000,0
260,50000,0
261,50000,110.03
262,50000,97.637
263,50000,0
264,50000,0
265,50000,0
266,50000,0
267,50000,0
268,50000,0
269,50000,21.661
270,50000,16.155
271,50000,0
272,50000,150.87
273,50000,196.28
274,50000,19.251
275,50000,0
276,50000,0
277,50000,0
278,50000,2.0061
279,50000,100.07
280,50000,0
281,50000,1.7169
282,50000,0
283,50000,0
284,50000,0
285,50000,0
286,50000,0
287,50000,8.4638
288,50000,0
289,50000,0
290,50000,0
291,50000,0
292,50000,0
293,50000,0.52073
294,50000,0
295,50000,16.133
296,50000,0
297,50000,0
298,50000,0.114
299,50000,22.438
300,50000,0
301,50000,0
302,50000,0
303,50000,0
304,50000,0
305,50000,3.2463
306,50000,0
307,50000,0.46737
308,50000,0
309,50000,0
310,50000,0
311,50000,1.7401
312,50000,139.48
313,50000,149.1
314,50000,0
315,50000,0
316,50000,9.6773
317,50000,0
318,50000,0
319,50000,0
320,50000,0
321,50000,6.3501
322,50000,39.527
323,50000,0
324,50000,0
325,50000,0
326,50000,0
327,50000,112.26
328,50000,160.97
329,50000,0
330,50000,5.418
331,50000,328.5
332,50000,0
333,50000,0
334,50000,0.20537
335,50000,0
336,50000,0
337,50000,0
338,50000,20.397
339,50000,0
340,50000,0
341,50000,0
342,50000,0
343,50000,0
344,50000,10.526
345,50000,14.342
346,50000,0
347,50000,0
348,50000,0
349,50000,95.784
350,50000,19.905
351,50000,0
352,50000,406.04
353,50000,0
354,50000,38.902
355,50000,0
356,50000,0
357,50000,0
358,50000,0.62918
359,50000,0
360,50000,0
361,50000,16.615
362,50000,32.047
363,50000,0
364,50000,91.571
365,50000,15.37
366,50000,0
367,50000,0
368,50000,0
369,50000,160.08
370,50000,0
371,50000,0
372,50000,0
373,50000,0.23119
374,50000,0
375,50000,0
376,50000,86.942
377,50000,0
378,50000,0
379,50000,0
380,50000,0
381,50000,0
382,50000,325.14
383,50000,0
384,50000,379.92
385,50000,0
386,50000,0
387,50000,48.009
388,50000,0
389,50000,0
390,50000,1.7317
391,50000,0
392,50000,0
393,50000,0
394,50000,0
395,50000,0
396,50000,0
397,50000,0
398,50000,0
399,50000,0
400,50000,0
401,50000,0
402,10000,0
403,10000,98.925
404,10000,118.68
405,10000,0.27993
406,10000,0
407,10000,0
408,10000,0
409,10000,0
410,10000,0
411,10000,0
412,10000,0
413,10000,0
414,10000,320.37
415,10000,19.765
416,10000,11.957
417,10000,0
418,10000,0
419,10000,52.972
420,10000,0
421,10000,311.46
422,10000,140.43
423,10000,0
424,10000,0
425,10000,95.407
426,10000,7.8724
427,10000,0
428,10000,0.29416
429,10000,0
430,10000,0
431,10000,180.85
432,10000,67.315
433,10000,54.427
434,10000,0
435,10000,0
436,10000,0
437,10000,53.39
438,10000,0
439,10000,171.59
440,10000,0
441,10000,0
442,10000,0
443,10000,0
444,10000,0
445,10000,0
446,10000,0
447,10000,0
448,10000,0
449,10000,0
450,10000,32.277
451,10000,0
452,10000,0
453,10000,41.29
454,10000,0
455,10000,118.09
456,10000,19.143
457,10000,497.53
458,10000,0
459,10000,43.93
460,10000,0
461,10000,0.86232
462,10000,140.81
463,10000,0
464,10000,0
465,10000,138.41
466,10000,0
467,10000,0
468,10000,0
469,10000,0
470,10000,205.85
471,10000,0
472,10000,0
473,10000,4.9459
474,10000,0
475,10000,0
476,10000,201.99
477,10000,0
478,10000,0
479,10000,0
480,10000,0
481,10000,0
482,10000,10.115
483,10000,65.304
484,10000,53.025
485,10000,0
486,10000,0
487,10000,0
488,10000,0
489,10000,20.13
490,10000,0
491,10000,0
492,10000,124.3
493,10000,0
494,10000,176.2
495,10000,0
496,10000,0
497,10000,0
498,10000,203.25
499,10000,0
500,10000,11.812
501,10000,4.1713
502,10000,0
503,10000,0
504,10000,0
505,10000,0
506,10000,415.78
507,10000,0
508,10000,0
509,10000,0
510,10000,45.703
511,10000,0.58576
512,10000,115.94
513,10000,0
514,10000,0
515,10000,94.872
516,10000,0
517,10000,0
518,10000,0
519,10000,148.2
520,10000,0
521,10000,0
522,10000,0
523,10000,0
524,10000,2.6923
525,10000,143.11
526,10000,0
527,10000,0
528,10000,0
529,10000,0
530,10000,0
531,10000,0
532,10000,0
533,10000,133.92
534,10000,0
535,10000,0
536,10000,0
537,10000,0
538,10000,67.553
539,10000,0
540,10000,0
541,10000,376.32
542,10000,0.32685
543,10000,75.117
544,10000,43.638
545,10000,0
546,10000,0
547,10000,0.14227
548,10000,2.8999
549,10000,0
550,10000,19.387
551,10000,0
552,10000,0
553,10000,0
554,10000,15.729
555,10000,0
556,10000,0
557,10000,0.29661
558,10000,1.0305
559,10000,339.94
560,10000,0
561,10000,0
562,10000,1.5651
563,10000,26.289
564,10000,0
565,10000,0
566,10000,0
567,10000,0
568,10000,0
569,10000,0
570,10000,0
571,10000,0
572,10000,0
573,10000,0
574,10000,7.2092
575,10000,0
576,10000,0
577,10000,1.1142
578,10000,314.48
579,10000,0
580,10000,111.27
581,10000,11.496
582,10000,0
583,10000,0
584,10000,0.5438
585,10000,0.35391
586,10000,0.25095
587,10000,0
588,10000,0
589,10000,0
590,10000,20.008
591,10000,0
592,10000,0
593,10000,0
594,10000,11.028
595,10000,0
596,10000,0
597,10000,50.299
598,10000,346.11
599,10000,22.014
600,10000,0.10339
601,10000,0
602,10000,0
603,10000,0
604,10000,0
605,10000,106.48
606,10000,0
607,10000,69.032
608,10000,0
609,10000,0
610,10000,6.7886
611,10000,0
612,10000,0
613,10000,0
614,10000,0
615,10000,0
616,10000,0
617,10000,22.143
618,10000,0
619,10000,0.11546
620,10000,0
621,10000,0
622,10000,391.01
623,10000,0
624,10000,0
625,10000,0
626,10000,427.75
627,10000,0
628,10000,0.64159
629,10000,0.31435
630,10000,90.603
631,10000,153.57
632,10000,0
633,10000,0
634,10000,0
635,10000,0
636,10000,1.5455
637,10000,58.861
638,10000,0
639,10000,0
640,10000,0
641,10000,0
642,10000,0
643,10000,0
644,10000,0
645,10000,0
646,10000,0
647,10000,45.949
648,10000,0
649,10000,0
650,10000,0
651,10000,32.566
652,10000,0
653,10000,0.17712
654,10000,0
655,10000,0
656,10000,358.83
657,10000,240.22
658,10000,0
659,10000,190.7
660,10000,19.243
661,10000,0
662,10000,0
663,10000,0
664,10000,0
665,10000,31.129
666,10000,67.231
667,10000,40.87
668,10000,0.94644
669,10000,0.31721
670,10000,0
671,10000,0
672,10000,1.1148
673,10000,0
674,10000,2.8029
675,10000,86.083
676,10000,227.71
677,10000,0
678,10000,0
679,10000,2.7975
680,10000,4.1833
681,10000,100.01
682,10000,0
683,10000,0
684,10000,0
685,10000,0
686,10000,0
687,10000,0.15468
688,10000,0
689,10000,0
690,10000,0
691,10000,0
692,10000,0
693,10000,111.87
694,10000,7.5181
695,10000,2.0669
696,10000,1.6846
697,10000,0
698,10000,0
699,10000,0
700,10000,0
701,10000,198.33
702,10000,27.106
703,10000,4.5277
704,10000,0
705,10000,0
706,10000,0
707,10000,0
708,10000,54.83
709,10000,102.42
710,10000,0
711,10000,309.58
712,10000,98.078
713,10000,36.26
714,10000,0
715,10000,0
716,10000,8.2616
717,10000,0
718,10000,0.40475
719,10000,0
720,10000,0
721,10000,0
722,10000,30.895
723,10000,81.059
724,10000,0
725,10000,0
726,10000,0
727,10000,0
728,10000,0
729,10000,5.9461
730,10000,5.2145
731,10000,21.112
732,10000,0
733,10000,0
734,10000,0
735,10000,0
736,10000,35.123
737,10000,0
738,10000,0
739,10000,0
740,10000,0
741,10000,0
742,10000,0
743,10000,0.24057
744,10000,16.555
745,10000,161.27
746,10000,7.445
747,10000,86.96
748,10000,0
749,10000,12.494
750,10000,0
751,10000,0
752,10000,36.39
753,10000,0
754,10000,0
755,10000,0
756,10000,257.9
757,10000,89.34
758,10000,1.2875
759,10000,1.3596
760,10000,0
761,10000,0
762,10000,0
763,10000,0
764,10000,0
765,10000,0
766,10000,3.9432
767,10000,0
768,10000,0
769,10000,0
770,10000,0
771,10000,0
772,10000,0
773,10000,0
774,10000,0
775,10000,26
776,10000,285.32
777,10000,0
778,10000,0.39867
779,10000,0
780,10000,0
781,10000,0
782,10000,153.15
783,10000,60.616
784,10000,256.5
785,10000,48.931
786,10000,0
787,10000,0
788,10000,0
789,10000,0
790,10000,146.64
791,10000,0
792,10000,65.62
793,10000,0
794,10000,0
795,10000,0
796,10000,3.6334
797,10000,0
798,10000,31.379
799,10000,0
800,10000,0
801,10000,169.61
802,10000,0.60825
803,10000,0
804,10000,37.276
805,10000,0
806,10000,3.4436
807,10000,0
808,10000,0.26824
809,10000,0
810,10000,0
811,10000,0.34733
812,10000,0
813,10000,0
814,10000,240.4
815,10000,0
816,10000,103.7
817,10000,0
818,10000,0
819,10000,0
820,10000,61.499
821,10000,119.12
822,10000,0.11049
823,10000,0
824,10000,39.63
825,10000,5.0634
826,10000,0
827,10000,0
828,10000,0
829,10000,125.98
830,10000,0.51036
831,10000,0
832,10000,0
833,10000,24.36
834,10000,0
835,10000,0
836,10000,0
837,10000,0
838,10000,0.93509
839,10000,10.505
840,10000,0
841,10000,0
842,10000,0
843,10000,83.394
844,10000,0
845,10000,0
846,10000,0
847,10000,1.1766
848,10000,7.8714
849,10000,0
850,10000,0
851,10000,0.33379
852,10000,0
853,10000,0.42229
854,10000,0
855,10000,0.41267
856,10000,0
857,10000,10.749
858,10000,102.62
859,10000,0
860,10000,185.03
861,10000,0
862,10000,0
863,10000,0
864,10000,25.052
865,10000,211.98
866,10000,0
867,10000,124.59
868,10000,0
869,10000,0
870,10000,0
871,10000,0
872,10000,441.72
873,10000,0
874,10000,0
875,10000,0
876,10000,0
877,10000,56.385
878,10000,0
879,10000,83.863
880,10000,0
881,10000,15.287
882,10000,206.82
883,10000,0
884,10000,0
885,10000,90.804
886,10000,0
887,10000,0.16429
888,10000,0
889,10000,0
890,10000,0
891,10000,0
892,10000,70.675
893,10000,0
894,10000,0
895,10000,38.661
896,10000,0
897,10000,0
898,10000,0
899,10000,27.27
900,10000,0
901,10000,0
902,10000,1.1524
903,10000,0
904,10000,0
905,10000,0
906,10000,0.21845
907,10000,0
908,10000,0
909,10000,0
910,10000,111.32
911,10000,0
912,10000,15.061
913,10000,0
914,10000,0
915,10000,0
916,10000,9.8534
917,10000,0
918,10000,0
919,10000,58.469
920,10000,0
921,10000,0
922,10000,0.50467
923,10000,98.218
924,10000,0
925,10000,34.915
926,10000,61.865
927,10000,0
928,10000,0
929,10000,121.22
930,10000,0
931,10000,12.384
932,10000,0
933,10000,0
934,10000,0
935,10000,0
936,10000,0
937,10000,0
938,10000,0
939,10000,0
940,10000,0
941,10000,37.692
942,10000,0
943,10000,0
944,10000,0
945,10000,28.231
946,10000,0
947,10000,0
948,10000,0
949,10000,0
950,10000,0
951,10000,463.55
952,10000,20.027
953,10000,443.13
954,10000,0
955,10000,0
956,10000,0
957,10000,0
958,10000,0
959,10000,30.013
960,10000,0
961,10000,0
962,10000,0
963,10000,1.9126
964,10000,0
965,10000,0
966,10000,11.901
967,10000,0
968,10000,15.82
969,10000,126.61
970,10000,0
971,10000,0.3125
972,10000,0
973,10000,0
974,10000,0
975,10000,0
976,10000,0
977,10000,0
978,10000,0
979,10000,0.20627
980,10000,0
981,10000,0
982,10000,0
983,10000,138.01
984,10000,65.209
985,10000,0
986,10000,0
987,10000,0
988,10000,0
989,10000,3.3028
990,10000,294.14
991,10000,2.6258
992,10000,0
993,10000,0
994,10000,0
995,10000,0
996,10000,0
997,10000,0
998,10000,0
999,10000,268.78
1000,10000,0
1001,10000,0
1002,10000,0
1003,10000,1.5635
1004,10000,103.79
1005,10000,15.078
1006,10000,368.84
1007,10000,315.8
1008,10000,0
1009,10000,3.3502
1010,10000,0
1011,10000,16.134
1012,10000,0
1013,10000,0
1014,10000,0
1015,10000,0
1016,10000,0
1017,10000,5.4684
1018,10000,0
1019,10000,0.59405
1020,10000,0
1021,10000,0
1022,10000,0
1023,10000,0
1024,10000,0
1025,10000,10.411
1026,10000,218.62
1027,10000,0
1028,10000,0
1029,10000,114.42
1030,10000,0
1031,10000,0
1032,10000,219.52
1033,10000,0
1034,10000,0
1035,10000,0
1036,10000,0
1037,10000,0
1038,10000,5.9765
1039,10000,0
1040,10000,0
1041,10000,159.58
1042,10000,0
1043,10000,5.6139
1044,10000,0
1045,10000,0
1046,10000,0
1047,10000,4.0527
1048,10000,0
1049,10000,0
1050,10000,56.326
1051,10000,0
1052,10000,0
1053,10000,57.026
1054,10000,0
1055,10000,0
1056,10000,67.573
1057,10000,0
1058,10000,0
1059,10000,2.4883
1060,10000,0
1061,10000,0
1062,10000,0
1063,10000,0
1064,10000,9.3493
1065,10000,1.9053
1066,10000,0
1067,10000,0
1068,10000,0
1069,10000,0
1070,10000,0
1071,10000,0
1072,10000,0
1073,10000,0
1074,10000,0
1075,10000,0
1076,10000,149.41
1077,10000,84.851
1078,10000,0
1079,10000,0
1080,10000,0
1081,10000,28.946
1082,10000,4.9768
1083,10000,0
1084,10000,0
1085,10000,23.348
1086,10000,0
1087,10000,0
1088,10000,83.046
1089,10000,0
1090,10000,0
1091,10000,0
1092,10000,0
1093,10000,0
1094,10000,37.265
1095,10000,0
1096,10000,0
1097,10000,0
1098,10000,0
1099,10000,4.4212
1100,10000,0
1101,10000,38.291
1102,10000,0.15343
1103,10000,77.905
1104,10000,0
1105,10000,0.39962
1106,10000,52.391
1107,10000,0
1108,10000,0.44581
1109,10000,0
1110,10000,0
1111,10000,0
1112,10000,0
1113,10000,316.75
1114,10000,0
1115,10000,0.60231
1116,10000,0
1117,10000,5.6422
1118,10000,260.71
1119,10000,0
1120,10000,35.09
1121,10000,132.45
1122,10000,0
1123,10000,0
1124,10000,0
1125,10000,0
1126,10000,45.292
1127,10000,64.23
1128,10000,0
1129,10000,55.676
1130,10000,0
1131,10000,1.3382
1132,10000,81.3
1133,10000,0
1134,10000,0
1135,10000,0
1136,10000,3.0488
1137,10000,190.71
1138,10000,0
1139,10000,1.5084
1140,10000,11.473
1141,10000,0
1142,10000,241.03
1143,10000,0
1144,10000,0
1145,10000,0
1146,10000,274.49
1147,10000,0
1148,10000,0
1149,10000,0
1150,10000,0
1151,10000,56.303
1152,10000,0
1153,10000,0
1154,10000,94.373
1155,10000,0
1156,10000,0
1157,10000,0
1158,10000,10.815
1159,10000,101.56
1160,10000,1.6377
1161,10000,88.647
1162,10000,0
1163,10000,0
1164,10000,205.83
1165,10000,0
1166,10000,23.366
1167,10000,15.012
1168,10000,0
1169,10000,0
1170,10000,117.85
1171,10000,0
1172,10000,0
1173,10000,0
1174,10000,0
1175,10000,228.37
1176,10000,0
1177,10000,0
1178,10000,0
1179,10000,92.925
1180,10000,129.08
1181,10000,33.741
1182,10000,0
1183,10000,16.66
1184,10000,0
1185,10000,0.67725
1186,10000,0
1187,10000,1.1375
1188,10000,294.27
1189,10000,0
1190,10000,137.03
1191,10000,0
1192,10000,35.352
1193,10000,94.568
1194,10000,0
1195,10000,45.775
1196,10000,38.439
1197,10000,0
1198,10000,35.399
1199,10000,18.817
1200,10000,0
1201,10000,0
1202,10000,249.45
1203,2000,0
1204,2000,0
1205,2000,225.1
1206,2000,0
1207,2000,0
1208,2000,0
1209,2000,0
1210,2000,0
1211,2000,39.217
1212,2000,12.363
1213,2000,61.474
1214,2000,0
1215,2000,289.09
1216,2000,31.387
1217,2000,16.477
1218,2000,0
1219,2000,63.237
1220,2000,74.527
1221,2000,5.0521
1222,2000,19.403
1223,2000,0
1224,2000,0
1225,2000,0.60101
1226,2000,0
1227,2000,91.332
1228,2000,21.984
1229,2000,0
1230,2000,1.3712
1231,2000,0
1232,2000,0
1233,2000,0
1234,2000,99.103
1235,2000,135.01
1236,2000,29.759
1237,2000,0
1238,2000,0
1239,2000,0
1240,2000,0
1241,2000,0
1242,2000,0
1243,2000,0
1244,2000,0
1245,2000,35.732
1246,2000,0
1247,2000,0
1248,2000,0
1249,2000,1.6295
1250,2000,309.68
1251,2000,0
1252,2000,0
1253,2000,11.365
1254,2000,0
1255,2000,0
1256,2000,0
1257,2000,0
1258,2000,0
1259,2000,0
1260,2000,25.333
1261,2000,0
1262,2000,0
1263,2000,0
1264,2000,0
1265,2000,25.371
1266,2000,5.7048
1267,2000,0
1268,2000,0.31874
1269,2000,135.96
1270,2000,0
1271,2000,66.749
1272,2000,0
1273,2000,2.1229
1274,2000,0
1275,2000,0
1276,2000,0
1277,2000,0
1278,2000,0
1279,2000,10.212
1280,2000,0
1281,2000,0
1282,2000,0
1283,2000,119.85
1284,2000,0
1285,2000,0
1286,2000,0
1287,2000,0
1288,2000,0
1289,2000,1.8045
1290,2000,0
1291,2000,0
1292,2000,0
1293,2000,20.762
1294,2000,0
1295,2000,155.97
1296,2000,430.73
1297,2000,22.757
1298,2000,0
1299,2000,0
1300,2000,0
1301,2000,36.264
1302,2000,0
1303,2000,0.52114
1304,2000,0
1305,2000,13.628
1306,2000,0
1307,2000,0
1308,2000,0
1309,2000,18.453
1310,2000,0
1311,2000,45.989
1312,2000,0.68568
1313,2000,0
1314,2000,0
1315,2000,0
1316,2000,24.153
1317,2000,0
1318,2000,82.148
1319,2000,314.11
1320,2000,0
1321,2000,0
1322,2000,0
1323,2000,0
1324,2000,0
1325,2000,144.47
1326,2000,0
1327,2000,96.498
1328,2000,0
1329,2000,13.282
1330,2000,410.42
1331,2000,0
1332,2000,0
1333,2000,0
1334,2000,0
1335,2000,0
1336,2000,0
1337,2000,176.02
1338,2000,0
1339,2000,0
1340,2000,0
1341,2000,0
1342,2000,37.134
1343,2000,0
1344,2000,0
1345,2000,0
1346,2000,0
1347,2000,0
1348,2000,75.488
1349,2000,0
1350,2000,101.65
1351,2000,0
1352,2000,20.593
1353,2000,0
1354,2000,0
1355,2000,0
1356,2000,0
1357,2000,0
1358,2000,0
1359,2000,67.955
1360,2000,0
1361,2000,0
1362,2000,0
1363,2000,0
1364,2000,0.24229
1365,2000,263.47
1366,2000,60.991
1367,2000,105.44
1368,2000,0
1369,2000,3.8051
1370,2000,0.24976
1371,2000,0
1372,2000,0
1373,2000,0
1374,2000,6.4794
1375,2000,148.01
1376,2000,0
1377,2000,0
1378,2000,0
1379,2000,0
1380,2000,0
1381,2000,1.4013
1382,2000,0
1383,2000,0
1384,2000,0
1385,2000,18.26
1386,2000,73.971
1387,2000,0
1388,2000,15.412
1389,2000,0
1390,2000,0.93377
1391,2000,156.9
1392,2000,33.877
1393,2000,0
1394,2000,0
1395,2000,0
1396,2000,5.5787
1397,2000,62.145
1398,2000,136.96
1399,2000,0
1400,2000,0
1401,2000,0
1402,2000,0
1403,2000,0
1404,2000,0
1405,2000,0
1406,2000,0.95874
1407,2000,419.79
1408,2000,73.393
1409,2000,0
1410,2000,92.674
1411,2000,102.87
1412,2000,0
1413,2000,0
1414,2000,0
1415,2000,8.3588
1416,2000,0
1417,2000,0
1418,2000,0
1419,2000,1.5348
1420,2000,24.178
1421,2000,0
1422,2000,0
1423,2000,0.87535
1424,2000,22.282
1425,2000,0
1426,2000,0
1427,2000,0
1428,2000,312.57
1429,2000,0
1430,2000,2.0909
1431,2000,0
1432,2000,0
1433,2000,15.84
1434,2000,0
1435,2000,63.89
1436,2000,0.66327
1437,2000,0
1438,2000,197.73
1439,2000,206.38
1440,2000,0
1441,2000,0
1442,2000,0
1443,2000,0
1444,2000,0
1445,2000,0
1446,2000,0
1447,2000,7.1282
1448,2000,6.2506
1449,2000,0
1450,2000,0.11019
1451,2000,59.983
1452,2000,0
1453,2000,134.81
1454,2000,59.833
1455,2000,0
1456,2000,69.89
1457,2000,63.473
1458,2000,0
1459,2000,0
1460,2000,71.466
1461,2000,0
1462,2000,3.9581
1463,2000,355.14
1464,2000,0
1465,2000,0
1466,2000,0
1467,2000,129.59
1468,2000,0
1469,2000,104.07
1470,2000,0
1471,2000,0
1472,2000,0
1473,2000,208.45
1474,2000,0.115
1475,2000,32.759
1476,2000,9.7041
1477,2000,0
1478,2000,0
1479,2000,0
1480,2000,0
1481,2000,0
1482,2000,0
1483,2000,2.654
1484,2000,0
1485,2000,0
1486,2000,14.925
1487,2000,0
1488,2000,193.59
1489,2000,41.154
1490,2000,0
1491,2000,4.9123
1492,2000,198.22
1493,2000,0
1494,2000,0
1495,2000,117.35
1496,2000,0
1497,2000,0
1498,2000,69.631
1499,2000,107.65
1500,2000,0
1501,2000,0
1502,2000,0
1503,2000,0
1504,2000,0
1505,2000,0
1506,2000,0
1507,2000,0
1508,2000,24.183
1509,2000,1.2397
1510,2000,109.88
1511,2000,0
1512,2000,415.77
1513,2000,0
1514,2000,0
1515,2000,102.34
1516,2000,16.555
1517,2000,1.8611
1518,2000,0
1519,2000,0.80288
1520,2000,0
1521,2000,6.6169
1522,2000,10.591
1523,2000,4.566
1524,2000,40.369
1525,2000,0
1526,2000,0
1527,2000,0
1528,2000,114.7
1529,2000,0
1530,2000,0
1531,2000,0.10276
1532,2000,0
1533,2000,33.231
1534,2000,0
1535,2000,65.33
1536,2000,100.14
1537,2000,0
1538,2000,0
1539,2000,0
1540,2000,0
1541,2000,299.21
1542,2000,0
1543,2000,13.714
1544,2000,14.331
1545,2000,0
1546,2000,0
1547,2000,0
1548,2000,0
1549,2000,0.49279
1550,2000,0
1551,2000,0
1552,2000,275.32
1553,2000,0
1554,2000,0
1555,2000,0
1556,2000,0
1557,2000,0.51052
1558,2000,0
1559,2000,1.8099
1560,2000,10.831
1561,2000,0
1562,2000,0
1563,2000,1.3583
1564,2000,0
1565,2000,0
1566,2000,0
1567,2000,0
1568,2000,0.38224
1569,2000,1.0362
1570,2000,0
1571,2000,0
1572,2000,0
1573,2000,191.87
1574,2000,17.112
1575,2000,0
1576,2000,0
1577,2000,0
1578,2000,0
1579,2000,0
1580,2000,0
1581,2000,0
1582,2000,9.8484
1583,2000,6.9414
1584,2000,0
1585,2000,0
1586,2000,23.82
1587,2000,0
1588,2000,45.252
1589,2000,234.27
1590,2000,0
1591,2000,0
1592,2000,0
1593,2000,0
1594,2000,0
1595,2000,0
1596,2000,0
1597,2000,0
1598,2000,0
1599,2000,0
1600,2000,0
1601,2000,0
1602,2000,0
1603,2000,0
1604,2000,0
1605,2000,0
1606,2000,0
1607,2000,0
1608,2000,9.695
1609,2000,0
1610,2000,2.1139
1611,2000,18.275
1612,2000,4.2082
1613,2000,0
1614,2000,35.516
1615,2000,0
1616,2000,106.89
1617,2000,0
1618,2000,0
1619,2000,136.35
1620,2000,0
1621,2000,209.78
1622,2000,0
1623,2000,252.49
1624,2000,0
1625,2000,0
1626,2000,0
1627,2000,10.303
1628,2000,0
1629,2000,0
1630,2000,22.355
1631,2000,0
1632,2000,0
1633,2000,0
1634,2000,0
1635,2000,0
1636,2000,216.98
1637,2000,145.99
1638,2000,0
1639,2000,0
1640,2000,0
1641,2000,0
1642,2000,0
1643,2000,0
1644,2000,0
1645,2000,0
1646,2000,0
1647,2000,0
1648,2000,0
1649,2000,0
1650,2000,0
1651,2000,0.13968
1652,2000,217.93
1653,2000,0
1654,2000,0
1655,2000,0
1656,2000,0
1657,2000,0
1658,2000,19.203
1659,2000,0
1660,2000,162.3
1661,2000,0
1662,2000,0
1663,2000,56.895
1664,2000,0
1665,2000,71.15
1666,2000,0.14258
1667,2000,35.905
1668,2000,0
1669,2000,0
1670,2000,0
1671,2000,122.06
1672,2000,8.9591
1673,2000,309.43
1674,2000,0
1675,2000,37.688
1676,2000,0
1677,2000,381.45
1678,2000,0
1679,2000,0
1680,2000,0
1681,2000,0
1682,2000,0
1683,2000,0
1684,2000,0
1685,2000,3.3477
1686,2000,0
1687,2000,19.326
1688,2000,0
1689,2000,0
1690,2000,0
1691,2000,2.8671
1692,2000,2.903
1693,2000,0
1694,2000,0
1695,2000,0
1696,2000,0.12542
1697,2000,0
1698,2000,0
1699,2000,0
1700,2000,0
1701,2000,0
1702,2000,21.855
1703,2000,0
1704,2000,0
1705,2000,0
1706,2000,91.828
1707,2000,146.5
1708,2000,0
1709,2000,7.6085
1710,2000,0
1711,2000,0
1712,2000,0
1713,2000,0
1714,2000,40.947
1715,2000,0
1716,2000,15.622
1717,2000,0
1718,2000,0
1719,2000,0
1720,2000,41.957
1721,2000,0
1722,2000,0
1723,2000,61.15
1724,2000,0
1725,2000,0
1726,2000,53.912
1727,2000,0
1728,2000,0
1729,2000,0
1730,2000,0
1731,2000,0
1732,2000,0
1733,2000,26.778
1734,2000,0
1735,2000,0
1736,2000,166.28
1737,2000,0
1738,2000,0
1739,2000,0
1740,2000,150.38
1741,2000,32.325
1742,2000,0
1743,2000,0
1744,2000,81.753
1745,2000,0
1746,2000,69.632
1747,2000,0
1748,2000,0
1749,2000,0
1750,2000,0
1751,2000,0
1752,2000,73.886
1753,2000,0.14294
1754,2000,0
1755,2000,0.90197
1756,2000,0.11357
1757,2000,0
1758,2000,13.408
1759,2000,0
1760,2000,0
1761,2000,6.9786
1762,2000,0
1763,2000,0
1764,2000,0
1765,2000,0
1766,2000,115.65
1767,2000,0
1768,2000,0
1769,2000,0
1770,2000,175.95
1771,2000,0
1772,2000,0
1773,2000,0
1774,2000,36.18
1775,2000,174.63
1776,2000,0
1777,2000,18.024
1778,2000,0
1779,2000,99.281
1780,2000,29.559
1781,2000,0
1782,2000,0
1783,2000,40.553
1784,2000,1.7656
1785,2000,0
1786,2000,0
1787,2000,52.713
1788,2000,0
1789,2000,138.4
1790,2000,0
1791,2000,0
1792,2000,0
1793,2000,0
1794,2000,0
1795,2000,114.86
1796,2000,0
1797,2000,0
1798,2000,0.10752
1799,2000,0
1800,2000,0
1801,2000,0
1802,2000,0
1803,2000,0
1804,2000,0
1805,2000,203.39
1806,2000,0
1807,2000,301.92
1808,2000,0
1809,2000,12.499
1810,2000,0
1811,2000,0
1812,2000,403.38
1813,2000,0
1814,2000,0
1815,2000,0.27083
1816,2000,0
1817,2000,412.69
1818,2000,0
1819,2000,451.23
1820,2000,11.752
1821,2000,0
1822,2000,5.7183
1823,2000,0
1824,2000,0
1825,2000,229.55
1826,2000,0
1827,2000,0
1828,2000,28.253
1829,2000,0
1830,2000,0
1831,2000,1.1768
1832,2000,0
1833,2000,0
1834,2000,0
1835,2000,0
1836,2000,0
1837,2000,0
1838,2000,25.389
1839,2000,20.751
1840,2000,0
1841,2000,0
1842,2000,17.784
1843,2000,0
1844,2000,32.576
1845,2000,12.511
1846,2000,0
1847,2000,0
1848,2000,437.78
1849,2000,0
1850,2000,0
1851,2000,0
1852,2000,0
1853,2000,0
1854,2000,5.2002
1855,2000,0
1856,2000,77.663
1857,2000,0
1858,2000,0
1859,2000,0
1860,2000,0
1861,2000,0
1862,2000,402.25
1863,2000,0
1864,2000,0.8809
1865,2000,172.84
1866,2000,0
1867,2000,0
1868,2000,21.589
1869,2000,65.565
1870,2000,0
1871,2000,0
1872,2000,40.602
1873,2000,0
1874,2000,0
1875,2000,0.63374
1876,2000,12.247
1877,2000,0
1878,2000,0.71289
1879,2000,0
1880,2000,0
1881,2000,10.039
1882,2000,0
1883,2000,282.28
1884,2000,0
1885,2000,0
1886,2000,0
1887,2000,0
1888,2000,28.305
1889,2000,0
1890,2000,0
1891,2000,65.212
1892,2000,0
1893,2000,371.42
1894,2000,0
1895,2000,0
1896,2000,19.866
1897,2000,0
1898,2000,0
1899,2000,0
1900,2000,0.40059
1901,2000,0
1902,2000,0
1903,2000,0
1904,2000,1.0026
1905,2000,267.77
1906,2000,0
1907,2000,0
1908,2000,10.66
1909,2000,13.391
1910,2000,5.6247
1911,2000,0
1912,2000,209.12
1913,2000,0
1914,2000,0
1915,2000,0
1916,2000,4.5509
1917,2000,0
1918,2000,0
1919,2000,43.988
1920,2000,2.9005
1921,2000,8.8651
1922,2000,0
1923,2000,262.39
1924,2000,0.54966
1925,2000,0.8342
1926,2000,0
1927,2000,203.97
1928,2000,0
1929,2000,0
1930,2000,0
1931,2000,0
1932,2000,6.1733
1933,2000,292.66
1934,2000,0
1935,2000,0
1936,2000,0
1937,2000,0
1938,2000,0
1939,2000,0
1940,2000,14.631
1941,2000,0
1942,2000,0
1943,2000,0
1944,2000,0
1945,2000,0
1946,2000,0
1947,2000,0.13935
1948,2000,0
1949,2000,0
1950,2000,90.77
1951,2000,0
1952,2000,78.291
1953,2000,0
1954,2000,0
1955,2000,0
1956,2000,4.2442
1957,2000,0
1958,2000,0
1959,2000,0
1960,2000,0
1961,2000,0
1962,2000,6.7869
1963,2000,0
1964,2000,71.431
1965,2000,0
1966,2000,11.728
1967,2000,49.145
1968,2000,0
1969,2000,0
1970,2000,0
1971,2000,25.689
1972,2000,0
1973,2000,0
1974,2000,307.8
1975,2000,0
1976,2000,0
1977,2000,0
1978,2000,413.37
1979,2000,0
1980,2000,0
1981,2000,0
1982,2000,0
1983,2000,0
1984,2000,0
1985,2000,0
1986,2000,0
1987,2000,152.54
1988,2000,0
1989,2000,0
1990,2000,0
1991,2000,0
1992,2000,0
1993,2000,0
1994,2000,25.831
1995,2000,0
1996,2000,0
1997,2000,27.639
1998,2000,0
1999,2000,0
2000,2000,0
2001,2000,0
2002,2000,0
2003,2000,0
2004,2000,0
2005,2000,0
2006,2000,0
2007,2000,0
2008,2000,0
2009,2000,0
2010,2000,0
2011,2000,9.0424
2012,2000,53.41
2013,2000,0
2014,2000,14.275
2015,2000,478.92
2016,2000,2.0672
2017,2000,61.338
2018,2000,311.34
2019,2000,218.74
2020,2000,5.5039
2021,2000,0
2022,2000,375.23
2023,2000,0
2024,2000,0
2025,2000,319.18
2026,2000,0
2027,2000,0.76627
2028,2000,0
2029,2000,380.71
2030,2000,0
2031,2000,0
2032,2000,0
2033,2000,0
2034,2000,3.1951
2035,2000,0
2036,2000,3.9786
2037,2000,0
2038,2000,0
2039,2000,0
2040,2000,0
2041,2000,50.106
2042,2000,0
2043,2000,0
2044,2000,0
2045,2000,28.746
2046,2000,0
2047,2000,188.93
2048,2000,0
2049,2000,0
2050,2000,0
2051,2000,0
2052,2000,43.79
2053,2000,14.335
2054,2000,0
2055,2000,0
2056,2000,80.773
2057,2000,0
2058,2000,43.794
2059,2000,0
2060,2000,1.8976
2061,2000,0
2062,2000,0
2063,2000,4.4255
2064,2000,0
2065,2000,16.52
2066,2000,20.982
2067,2000,0
2068,2000,12.826
2069,2000,0
2070,2000,0
2071,2000,0
2072,2000,0
2073,2000,0
2074,2000,0
2075,2000,0
2076,2000,0
2077,2000,0
2078,2000,0
2079,2000,76.567
2080,2000,46.405
2081,2000,0
2082,2000,0
2083,2000,68.833
2084,2000,49.427
2085,2000,73.509
2086,2000,116.54
2087,2000,0
2088,2000,0
2089,2000,65.478
2090,2000,0
2091,2000,0
2092,2000,0
2093,2000,122.23
2094,2000,0
2095,2000,0.16456
2096,2000,85.111
2097,2000,0
2098,2000,0
2099,2000,89.15
2100,2000,0
2101,2000,0.27839
2102,2000,11.236
2103,2000,0
2104,2000,99.157
2105,2000,69.425
2106,2000,2.2377
2107,2000,26.429
2108,2000,10.111
2109,2000,3.518
2110,2000,14.08
2111,2000,0
2112,2000,199.51
2113,2000,0
2114,2000,21.681
2115,2000,154.89
2116,2000,0
2117,2000,0
2118,2000,0
2119,2000,0
2120,2000,0
2121,2000,0.16864
2122,2000,0.74042
2123,2000,0
2124,2000,0
2125,2000,0
2126,2000,137.73
2127,2000,0
2128,2000,0
2129,2000,0
2130,2000,130.13
2131,2000,0
2132,2000,0
2133,2000,0
2134,2000,0
2135,2000,0
2136,2000,0
2137,2000,0
2138,2000,0
2139,2000,0.17914
2140,2000,0
2141,2000,0
2142,2000,0
2143,2000,0.93181
2144,2000,0
2145,2000,0.45168
2146,2000,0
2147,2000,0
2148,2000,0
2149,2000,0
2150,2000,0
2151,2000,40.137
2152,2000,21.518
2153,2000,0
2154,2000,0
2155,2000,0
2156,2000,0
2157,2000,0
2158,2000,0
2159,2000,0
2160,2000,4.4752
2161,2000,0
2162,2000,0
2163,2000,1.7289
2164,2000,26.299
2165,2000,0
2166,2000,4.0804
2167,2000,0
2168,2000,0
2169,2000,0
2170,2000,0
2171,2000,70.041
2172,2000,0
2173,2000,0
2174,2000,0
2175,2000,0
2176,2000,0
2177,2000,0
2178,2000,0
2179,2000,2.6402
2180,2000,0
2181,2000,0
2182,2000,7.6844
2183,2000,0.35333
2184,2000,216.44
2185,2000,0
2186,2000,0
2187,2000,420.83
2188,2000,0
2189,2000,457.62
2190,2000,0
2191,2000,0
2192,2000,0
2193,2000,0
2194,2000,0
2195,2000,0
2196,2000,0
2197,2000,0
2198,2000,30.855
2199,2000,0
2200,2000,0
2201,2000,0
2202,2000,73.896
2203,2000,0
2204,2000,0
2205,2000,0
2206,2000,8.9493
2207,2000,0
2208,2000,0
2209,2000,0
2210,2000,19.032
2211,2000,4.8634
2212,2000,18.697
2213,2000,266.22
2214,2000,216.7
2215,2000,0
2216,2000,0
2217,2000,0
2218,2000,0
2219,2000,39.856
2220,2000,0
2221,2000,0
2222,2000,0
2223,2000,40.935
2224,2000,0
2225,2000,0
2226,2000,0
2227,2000,128.05
2228,2000,0
2229,2000,116.2
2230,2000,0
2231,2000,122.66
2232,2000,139.01
2233,2000,0
2234,2000,0
2235,2000,12.724
2236,2000,0
2237,2000,0
2238,2000,62.434
2239,2000,0
2240,2000,0
2241,2000,370.58
2242,2000,0
2243,2000,0
2244,2000,0
2245,2000,32.979
2246,2000,102.33
2247,2000,0
2248,2000,0
2249,2000,66.929
2250,2000,0
2251,2000,0
2252,2000,0
2253,2000,0.29624
2254,2000,55.019
2255,2000,0
2256,2000,0
2257,2000,0
2258,2000,124.34
2259,2000,5.6306
2260,2000,0.83658
2261,2000,0
2262,2000,0
2263,2000,0
2264,2000,0
2265,2000,396.58
2266,2000,58.139
2267,2000,27.459
2268,2000,244.02
2269,2000,54.926
2270,2000,0
2271,2000,0
2272,2000,0
2273,2000,39.659
2274,2000,0
2275,2000,101.59
2276,2000,0
2277,2000,197.84
2278,2000,0.79603
2279,2000,0
2280,2000,3.8633
2281,2000,92.027
2282,2000,4.3991
2283,2000,4.521
2284,2000,0
2285,2000,33.482
2286,2000,0
2287,2000,0
2288,2000,0
2289,2000,0
2290,2000,0
2291,2000,298.92
2292,2000,0
2293,2000,0
2294,2000,0
2295,2000,10.607
2296,2000,22.635
2297,2000,377.61
2298,2000,0
2299,2000,0
2300,2000,44.151
2301,2000,0
2302,2000,177.5
2303,2000,0
2304,2000,0
2305,2000,0.51513
2306,2000,11.286
2307,2000,0
2308,2000,0.33556
2309,2000,408.32
2310,2000,319.18
2311,2000,37.708
2312,2000,48.437
2313,2000,0
2314,2000,0
2315,2000,0
2316,2000,0
2317,2000,0
2318,2000,0
2319,2000,0
2320,2000,23.639
2321,2000,39.312
2322,2000,0
2323,2000,0
2324,2000,0
2325,2000,0.7249
2326,2000,0
2327,2000,0
2328,2000,2.3704
2329,2000,0
2330,2000,48.715
2331,2000,96.715
2332,2000,0
2333,2000,0
2334,2000,0
2335,2000,160.78
2336,2000,0.15886
2337,2000,0
2338,2000,0
2339,2000,67.634
2340,2000,0
2341,2000,150.37
2342,2000,99.888
2343,2000,3.4428
2344,2000,181.93
2345,2000,3.4149
2346,2000,0
2347,2000,0
2348,2000,38.476
2349,2000,249.96
2350,2000,0
2351,2000,0
2352,2000,0
2353,2000,0
2354,2000,38.324
2355,2000,0
2356,2000,0
2357,2000,0
2358,2000,0
2359,2000,0
2360,2000,319.38
2361,2000,0
2362,2000,0
2363,2000,0
2364,2000,0
2365,2000,58.818
2366,2000,0
2367,2000,83.348
2368,2000,10.278
2369,2000,35.313
2370,2000,0
2371,2000,0
2372,2000,0.20319
2373,2000,2.4086
2374,2000,17.367
2375,2000,188.84
2376,2000,0
2377,2000,353.75
2378,2000,1.54
2379,2000,0
2380,2000,0
2381,2000,383.3
2382,2000,0
2383,2000,141.81
2384,2000,19.388
2385,2000,45.818
2386,2000,0
2387,2000,164.49
2388,2000,0
2389,2000,0
2390,2000,35.33
2391,2000,0
2392,2000,0
2393,2000,0
2394,2000,0
2395,2000,0
2396,2000,0
2397,2000,17.888
2398,2000,0
2399,2000,171.59
2400,2000,148.64
2401,2000,85
2402,2000,54.171
2403,2000,0
2404,2000,0
2405,2000,91.975
2406,2000,310.18
2407,2000,0
2408,2000,33.845
2409,2000,0
2410,2000,0
2411,2000,0
2412,2000,0
2413,2000,0
2414,2000,0.76796
2415,2000,0
2416,2000,199.1
2417,2000,117.2
2418,2000,340.99
2419,2000,0
2420,2000,23.434
2421,2000,10.979
2422,2000,0
2423,2000,1.5874
2424,2000,5.2939
2425,2000,0
2426,2000,314.84
2427,2000,92.748
2428,2000,229.01
2429,2000,0
2430,2000,0
2431,2000,0
2432,2000,169.47
2433,2000,0
2434,2000,7.5175
2435,2000,0
2436,2000,0
2437,2000,13.554
2438,2000,101.95
2439,2000,0
2440,2000,0
2441,2000,0
2442,2000,0
2443,2000,0
2444,2000,111.53
2445,2000,59.574
2446,2000,1.936
2447,2000,91.232
2448,2000,0
2449,2000,0
2450,2000,35.888
2451,2000,0
2452,2000,0
2453,2000,0
2454,2000,0
2455,2000,0
2456,2000,13.768
2457,2000,8.2432
2458,2000,0
2459,2000,37.101
2460,2000,100.88
2461,2000,78.167
2462,2000,0
2463,2000,0
2464,2000,0
2465,2000,0
2466,2000,0
2467,2000,0
2468,2000,0
2469,2000,117.92
2470,2000,0
2471,2000,25.717
2472,2000,0
2473,2000,0
2474,2000,0
2475,2000,0
2476,2000,0
2477,2000,0
2478,2000,0
2479,2000,10.401
2480,2000,279.71
2481,2000,0
2482,2000,0
2483,2000,0
2484,2000,0
2485,2000,0
2486,2000,0
2487,2000,0
2488,2000,0
2489,2000,0
2490,2000,0
2491,2000,465.93
2492,2000,3.0173
2493,2000,0
2494,2000,99.569
2495,2000,0
2496,2000,0
2497,2000,1.2232
2498,2000,0
2499,2000,207.32
2500,2000,0
2501,2000,474.88
2502,2000,13.564
2503,2000,0
2504,2000,124.42
2505,2000,10.864
2506,2000,0
2507,2000,426.03
2508,2000,0
2509,2000,0
2510,2000,0
2511,2000,60.457
2512,2000,0.67546
2513,2000,0
2514,2000,0
2515,2000,322.71
2516,2000,153.79
2517,2000,0
2518,2000,198.04
2519,2000,0
2520,2000,0.86788
2521,2000,0
2522,2000,0
2523,2000,7.5469
2524,2000,0
2525,2000,67.056
2526,2000,238.53
2527,2000,0.43147
2528,2000,0
2529,2000,20.99
2530,2000,0
2531,2000,0
2532,2000,4.0961
2533,2000,0
2534,2000,0
2535,2000,0
2536,2000,0
2537,2000,0
2538,2000,0
2539,2000,0
2540,2000,0
2541,2000,4.7557
2542,2000,0
2543,2000,67.345
2544,2000,0
2545,2000,0
2546,2000,0
2547,2000,0
2548,2000,0
2549,2000,226.63
2550,2000,0
2551,2000,0
2552,2000,0
2553,2000,202.59
2554,2000,0
2555,2000,0
2556,2000,0
2557,2000,25.052
2558,2000,0
2559,2000,0
2560,2000,0
2561,2000,15.331
2562,2000,66.146
2563,2000,50.743
2564,2000,0
2565,2000,0
2566,2000,3.4595
2567,2000,104.97
2568,2000,0
2569,2000,0
2570,2000,168.23
2571,2000,0
2572,2000,0
2573,2000,0
2574,2000,0
2575,2000,0
2576,2000,0
2577,2000,0
2578,2000,198.2
2579,2000,0
2580,2000,0
2581,2000,0
2582,2000,0
2583,2000,189.67
2584,2000,0
2585,2000,0
2586,2000,0
2587,2000,4.519
2588,2000,0
2589,2000,219.16
2590,2000,0
2591,2000,0
2592,2000,0
2593,2000,71.446
2594,2000,0
2595,2000,0
2596,2000,0
2597,2000,8.7577
2598,2000,0
2599,2000,0
2600,2000,0
2601,2000,0
2602,2000,0
2603,2000,41.641
2604,2000,0
2605,2000,0
2606,2000,1.2916
2607,2000,24.827
2608,2000,0
2609,2000,55.13
2610,2000,0
2611,2000,44.705
2612,2000,0
2613,2000,0
2614,2000,3.0226
2615,2000,114.79
2616,2000,0
2617,2000,40.802
2618,2000,0
2619,2000,53.984
2620,2000,0
2621,2000,0
2622,2000,0
2623,2000,0.58388
2624,2000,0
2625,2000,7.6969
2626,2000,37.529
2627,2000,0
2628,2000,0
2629,2000,0
2630,2000,0
2631,2000,0
2632,2000,0
2633,2000,0
2634,2000,0
2635,2000,0
2636,2000,0
2637,2000,0.13163
2638,2000,0.14378
2639,2000,0
2640,2000,0
2641,2000,311.67
2642,2000,0
2643,2000,9.6974
2644,2000,0.36175
2645,2000,2.4391
2646,2000,7.8869
2647,2000,0
2648,2000,250.8
2649,2000,0
2650,2000,0.30764
2651,2000,0.25656
2652,2000,0
2653,2000,23.756
2654,2000,0
2655,2000,0
2656,2000,0
2657,2000,100.04
2658,2000,0
2659,2000,75.219
2660,2000,0
2661,2000,0
2662,2000,0
2663,2000,0
2664,2000,76.526
2665,2000,1.3165
2666,2000,0
2667,2000,128.92
2668,2000,0
2669,2000,0
2670,2000,0
2671,2000,0.33213
2672,2000,0
2673,2000,0
2674,2000,0
2675,2000,14.345
2676,2000,0
2677,2000,46.697
2678,2000,175.57
2679,2000,0
2680,2000,0
2681,2000,16.69
2682,2000,0
2683,2000,0
2684,2000,438.85
2685,2000,0
2686,2000,0
2687,2000,2.6596
2688,2000,59.09
2689,2000,0
2690,2000,0
2691,2000,258.69
2692,2000,0.60724
2693,2000,0
2694,2000,15.433
2695,2000,0
2696,2000,42.277
2697,2000,0
2698,2000,0
2699,2000,0
2700,2000,84.032
2701,2000,104.13
2702,2000,50.005
2703,2000,0
2704,2000,53.44
2705,2000,0
2706,2000,1.1944
2707,2000,0
2708,2000,0
2709,2000,0
2710,2000,10.626
2711,2000,25.86
2712,2000,0
2713,2000,0
2714,2000,0
2715,2000,0
2716,2000,13.453
2717,2000,0
2718,2000,0
2719,2000,0
2720,2000,3.1524
2721,2000,0
2722,2000,0
2723,2000,0
2724,2000,27.739
2725,2000,0
2726,2000,0
2727,2000,0
2728,2000,70.221
2729,2000,0.20718
2730,2000,47.431
2731,2000,0
2732,2000,0
2733,2000,376.47
2734,2000,0
2735,2000,0
2736,2000,27.121
2737,2000,35.814
2738,2000,0
2739,2000,0
2740,2000,36.973
2741,2000,0
2742,2000,0
2743,2000,0
2744,2000,0
2745,2000,0
2746,2000,0.31426
2747,2000,0
2748,2000,109.36
2749,2000,51.129
2750,2000,0
2751,2000,231.87
2752,2000,0
2753,2000,0
2754,2000,0
2755,2000,0
2756,2000,4.2687
2757,2000,0
2758,2000,278.8
2759,2000,87.414
2760,2000,20.796
2761,2000,0.22431
2762,2000,0
2763,2000,0
2764,2000,0
2765,2000,325.08
2766,2000,251.27
2767,2000,21.453
2768,2000,0
2769,2000,0
2770,2000,0
2771,2000,298.58
2772,2000,11.413
2773,2000,0
2774,2000,0
2775,2000,0
2776,2000,0
2777,2000,0.36431
2778,2000,49.467
2779,2000,0
2780,2000,0
2781,2000,41.288
2782,2000,0
2783,2000,0
2784,2000,416.08
2785,2000,0
2786,2000,0
2787,2000,293.61
2788,2000,0
2789,2000,23.91
2790,2000,151.42
2791,2000,0
2792,2000,0
2793,2000,0
2794,2000,175.61
2795,2000,473.68
2796,2000,0
2797,2000,429.73
2798,2000,0
2799,2000,0
2800,2000,0.38937
2801,2000,0.14066
2802,2000,0
2803,2000,79.199
2804,2000,0
2805,2000,0.2779
2806,2000,21.369
2807,2000,0
2808,2000,0
2809,2000,20.295
2810,2000,11.736
2811,2000,0
2812,2000,115.86
2813,2000,39.949
2814,2000,0
2815,2000,39.077
2816,2000,0
2817,2000,0
2818,2000,0
2819,2000,0
2820,2000,0
2821,2000,0
2822,2000,0
2823,2000,0.34537
2824,2000,0.40641
2825,2000,0
2826,2000,0
2827,2000,33.421
2828,2000,133.24
2829,2000,0
2830,2000,0
2831,2000,0
2832,2000,0
2833,2000,118
2834,2000,218.97
2835,2000,1.2432
2836,2000,0.74125
2837,2000,0
2838,2000,36.258
2839,2000,2.0159
2840,2000,36.488
2841,2000,0.62459
2842,2000,0
2843,2000,1.3398
2844,2000,0
2845,2000,0
2846,2000,7.8853
2847,2000,1.4262
2848,2000,0
2849,2000,1.8942
2850,2000,0
2851,2000,0
2852,2000,0
2853,2000,0
2854,2000,0
2855,2000,0
2856,2000,0
2857,2000,0
2858,2000,0
2859,2000,0
2860,2000,0
2861,2000,0
2862,2000,109.46
2863,2000,0
2864,2000,0.14801
2865,2000,0
2866,2000,13.889
2867,2000,0
2868,2000,0
2869,2000,0
2870,2000,0
2871,2000,115.47
2872,2000,277.08
2873,2000,0
2874,2000,0
2875,2000,0
2876,2000,0.20656
2877,2000,0
2878,2000,0
2879,2000,0
2880,2000,0
2881,2000,0
2882,2000,0
2883,2000,160.55
2884,2000,98.001
2885,2000,0
2886,2000,0
2887,2000,84.186
2888,2000,0
2889,2000,0
2890,2000,51.72
2891,2000,0
2892,2000,0
2893,2000,204.22
2894,2000,95.791
2895,2000,0
2896,2000,2.9152
2897,2000,0
2898,2000,45.912
2899,2000,13.602
2900,2000,76.31
2901,2000,0
2902,2000,14.484
2903,2000,4.555
2904,2000,65.689
2905,2000,0
2906,2000,46.163
2907,2000,0
2908,2000,0
2909,2000,3.3714
2910,2000,459.75
2911,2000,0
2912,2000,0.24898
2913,2000,0
2914,2000,0
2915,2000,0.25638
2916,2000,0
2917,2000,31.475
2918,2000,0
2919,2000,0
2920,2000,0
2921,2000,0.30964
2922,2000,0
2923,2000,0
2924,2000,15.344
2925,2000,39.686
2926,2000,0
2927,2000,226.08
2928,2000,0.70462
2929,2000,0
2930,2000,0
2931,2000,3.567
2932,2000,2.5479
2933,2000,0
2934,2000,0
2935,2000,0
2936,2000,0
2937,2000,0
2938,2000,0
2939,2000,0
2940,2000,0
2941,2000,0
2942,2000,0
2943,2000,6.2355
2944,2000,0
2945,2000,0
2946,2000,0
2947,2000,0
2948,2000,0
2949,2000,0
2950,2000,0
2951,2000,0
2952,2000,29.965
2953,2000,0
2954,2000,0.90458
2955,2000,0
2956,2000,0
2957,2000,4.0053
2958,2000,270.58
2959,2000,0
2960,2000,0
2961,2000,0
2962,2000,5.5239
2963,2000,0
2964,2000,0
2965,2000,0
2966,2000,85.865
2967,2000,0
2968,2000,17.997
2969,2000,0
2970,2000,0
2971,2000,0
2972,2000,0
2973,2000,0
2974,2000,0
2975,2000,0
2976,2000,0
2977,2000,0
2978,2000,0
2979,2000,0
2980,2000,18.725
2981,2000,0
2982,2000,0
2983,2000,0
2984,2000,0
2985,2000,0
2986,2000,0.47419
2987,2000,0.10178
2988,2000,0
2989,2000,102.36
2990,2000,0
2991,2000,47.536
2992,2000,0
2993,2000,97.363
2994,2000,211.18
2995,2000,0
2996,2000,0
2997,2000,55.886
2998,2000,0
2999,2000,0
3000,2000,0
3001,2000,317.24
3002,2000,0
3003,2000,0
3004,2000,0
3005,2000,176.83
3006,2000,113.39
3007,2000,0
3008,2000,4.3299
3009,2000,71.031
3010,2000,0
3011,2000,0
3012,2000,49.786
3013,2000,205.96
3014,2000,23.525
3015,2000,0
3016,2000,0
3017,2000,0.73247
3018,2000,41.378
3019,2000,0
3020,2000,0
3021,2000,0
3022,2000,0
3023,2000,224.5
3024,2000,66.522
3025,2000,0.42044
3026,2000,0
3027,2000,0
3028,2000,0
3029,2000,0
3030,2000,119.16
3031,2000,102.09
3032,2000,49.13
3033,2000,0
3034,2000,45.654
3035,2000,0.27979
3036,2000,82.246
3037,2000,0
3038,2000,0
3039,2000,188.7
3040,2000,0
3041,2000,0
3042,2000,0
3043,2000,0
3044,2000,3.3847
3045,2000,0
3046,2000,0.98333
3047,2000,17.122
3048,2000,0
3049,2000,0
3050,2000,0
3051,2000,4.8985
3052,2000,0
3053,2000,13.766
3054,2000,8.3595
3055,2000,445.77
3056,2000,76.528
3057,2000,0
3058,2000,9.5461
3059,2000,0
3060,2000,2.8976
3061,2000,0
3062,2000,0
3063,2000,0
3064,2000,0
3065,2000,0
3066,2000,0
3067,2000,581.15
3068,2000,0
3069,2000,0
3070,2000,0
3071,2000,0
3072,2000,0
3073,2000,0
3074,2000,46.115
3075,2000,0.99302
3076,2000,0
3077,2000,72.148
3078,2000,0
3079,2000,0
3080,2000,20.846
3081,2000,0
3082,2000,0
3083,2000,1.1696
3084,2000,22.06
3085,2000,0
3086,2000,7.2965
3087,2000,0
3088,2000,0
3089,2000,0
3090,2000,0
3091,2000,0
3092,2000,0
3093,2000,217.36
3094,2000,413.82
3095,2000,0
3096,2000,0.10409
3097,2000,0
3098,2000,0
3099,2000,0
3100,2000,0
3101,2000,0.18093
3102,2000,0
3103,2000,0
3104,2000,0
3105,2000,0
3106,2000,6.2654
3107,2000,0
3108,2000,0
3109,2000,17.328
3110,2000,0
3111,2000,0
3112,2000,0
3113,2000,318.29
3114,2000,0
3115,2000,64.502
3116,2000,7.8684
3117,2000,0
3118,2000,0
3119,2000,0
3120,2000,0
3121,2000,0
3122,2000,0
3123,2000,0
3124,2000,22.377
3125,2000,0
3126,2000,1.4256
3127,2000,0
3128,2000,9.1252
3129,2000,33.34
3130,2000,0
3131,2000,0
3132,2000,0
3133,2000,0
3134,2000,8.4504
3135,2000,68.525
3136,2000,0
3137,2000,1.6543
3138,2000,0
3139,2000,0
3140,2000,0
3141,2000,0
3142,2000,0
3143,2000,0
3144,2000,46.448
3145,2000,0
3146,2000,0
3147,2000,0
3148,2000,62.762
3149,2000,61.432
3150,2000,0
3151,2000,0
3152,2000,0
3153,2000,0
3154,2000,15.908
3155,2000,0
3156,2000,112.15
3157,2000,22.77
3158,2000,1.9508
3159,2000,4.6925
3160,2000,0
3161,2000,0
3162,2000,0
3163,2000,7.9001
3164,2000,0
3165,2000,304.21
3166,2000,0.59558
3167,2000,0
3168,2000,0
3169,2000,0
3170,2000,0
3171,2000,0
3172,2000,5.9222
3173,2000,89.905
3174,2000,247.39
3175,2000,0
3176,2000,26.965
3177,2000,0
3178,2000,121.41
3179,2000,39.295
3180,2000,0
3181,2000,0
3182,2000,0
3183,2000,140.74
3184,2000,0
3185,2000,0
3186,2000,0
3187,2000,0
3188,2000,13.792
3189,2000,0
3190,2000,1.046
3191,2000,7.7499
3192,2000,0
3193,2000,0
3194,2000,0
3195,2000,2.7973
3196,2000,0.61286
3197,2000,0
3198,2000,0
3199,2000,0
3200,2000,0
3201,2000,154.72
3202,2000,0
3203,2000,0
3204,2000,0
3205,2000,0
3206,2000,0
3207,2000,0
3208,2000,0
3209,2000,100.56
3210,2000,3.4344
3211,2000,0
3212,2000,0
3213,2000,0
3214,2000,0
3215,2000,102.8
3216,2000,0
3217,2000,222.17
3218,2000,0
3219,2000,0
3220,2000,0
3221,2000,0
3222,2000,0
3223,2000,10.226
3224,2000,0
3225,2000,0
3226,2000,0
3227,2000,0
3228,2000,0
3229,2000,0
3230,2000,0
3231,2000,22.587
3232,2000,0
3233,2000,213.29
3234,2000,0
3235,2000,0.75461
3236,2000,0
3237,2000,0
3238,2000,26.993
3239,2000,1.5213
3240,2000,0
3241,2000,0
3242,2000,2.1222
3243,2000,0
3244,2000,1.8532
3245,2000,0
3246,2000,0
3247,2000,0
3248,2000,61.027
3249,2000,95.892
3250,2000,0
3251,2000,281.24
3252,2000,0
3253,2000,0
3254,2000,0
3255,2000,18.371
3256,2000,0
3257,2000,0
3258,2000,0
3259,2000,0
3260,2000,12.844
3261,2000,0
3262,2000,21.282
3263,2000,0
3264,2000,52.474
3265,2000,8.8741
3266,2000,0
3267,2000,0
3268,2000,154.92
3269,2000,0
3270,2000,0
3271,2000,0
3272,2000,0
3273,2000,23.965
3274,2000,0.17668
3275,2000,0
3276,2000,0
3277,2000,198.8
3278,2000,71.895
3279,2000,13.037
3280,2000,309.36
3281,2000,0
3282,2000,0
3283,2000,0
3284,2000,0
3285,2000,0
3286,2000,0
3287,2000,117.38
3288,2000,65.079
3289,2000,206.63
3290,2000,0
3291,2000,13.916
3292,2000,23.955
3293,2000,0
3294,2000,0
3295,2000,0
3296,2000,1.997
3297,2000,0.5743
3298,2000,0
3299,2000,0
3300,2000,0
3301,2000,0
3302,2000,31.194
3303,2000,0
3304,2000,0
3305,2000,0
3306,2000,63.455
3307,2000,0
3308,2000,0
3309,2000,0
3310,2000,0
3311,2000,1.8376
3312,2000,115.62
3313,2000,0
3314,2000,2.0656
3315,2000,131.17
3316,2000,0
3317,2000,36.274
3318,2000,16.229
3319,2000,0
3320,2000,180
3321,2000,66.656
3322,2000,356.51
3323,2000,0
3324,2000,0
3325,2000,0.37237
3326,2000,14.789
3327,2000,0
3328,2000,0
3329,2000,0
3330,2000,0
3331,2000,0
3332,2000,0
3333,2000,0
3334,2000,2.433
3335,2000,128.22
3336,2000,38.587
3337,2000,0
3338,2000,323.87
3339,2000,0
3340,2000,7.1587
3341,2000,3.1242
3342,2000,0
3343,2000,10.512
3344,2000,0
3345,2000,16.649
3346,2000,0
3347,2000,0
3348,2000,0
3349,2000,0.15177
3350,2000,3.6877
3351,2000,52.342
3352,2000,54.345
3353,2000,2.1806
3354,2000,0
3355,2000,0
3356,2000,0
3357,2000,161.45
3358,2000,0
3359,2000,0
3360,2000,0
3361,2000,269.66
3362,2000,16.642
3363,2000,0
3364,2000,0
3365,2000,0
3366,2000,0
3367,2000,0
3368,2000,0
3369,2000,1.3079
3370,2000,0
3371,2000,60.876
3372,2000,0
3373,2000,0
3374,2000,0
3375,2000,0
3376,2000,3.5862
3377,2000,0
3378,2000,0
3379,2000,356.47
3380,2000,56.895
3381,2000,28.007
3382,2000,207.43
3383,2000,0.83294
3384,2000,407.12
3385,2000,0
3386,2000,0
3387,2000,0
3388,2000,0
3389,2000,0
3390,2000,17.619
3391,2000,0
3392,2000,0
3393,2000,51.378
3394,2000,0
3395,2000,0.17251
3396,2000,0
3397,2000,176.04
3398,2000,0
3399,2000,55.441
3400,2000,0
3401,2000,0
3402,2000,0
3403,2000,29.496
3404,2000,0
3405,2000,0
3406,2000,47.206
3407,2000,34.588
3408,2000,0
3409,2000,0
3410,2000,114.92
3411,2000,0
3412,2000,54.589
3413,2000,260.48
3414,2000,0
3415,2000,0
3416,2000,0
3417,2000,5.0931
3418,2000,0
3419,2000,0.95405
3420,2000,0
3421,2000,0
3422,2000,0
3423,2000,0
3424,2000,144.42
3425,2000,0
3426,2000,2.61
3427,2000,1.1246
3428,2000,0
3429,2000,303.44
3430,2000,0
3431,2000,92.732
3432,2000,0
3433,2000,0
3434,2000,0
3435,2000,0
3436,2000,65.763
3437,2000,0
3438,2000,228.76
3439,2000,1.5796
3440,2000,0
3441,2000,1.1598
3442,2000,0
3443,2000,0
3444,2000,0
3445,2000,0.22283
3446,2000,0
3447,2000,0
3448,2000,0.57681
3449,2000,0
3450,2000,0
3451,2000,0
3452,2000,139.73
3453,2000,0
3454,2000,140.64
3455,2000,0
3456,2000,0
3457,2000,179.47
3458,2000,0.6415
3459,2000,0.64127
3460,2000,25.108
3461,2000,0
3462,2000,0
3463,2000,0
3464,2000,0
3465,2000,0
3466,2000,175.97
3467,2000,0
3468,2000,0
3469,2000,0
3470,2000,190.26
3471,2000,0
3472,2000,15.907
3473,2000,13.684
3474,2000,0
3475,2000,0
3476,2000,0
3477,2000,0
3478,2000,0
3479,2000,251.56
3480,2000,2.1265
3481,2000,0
3482,2000,0
3483,2000,3.0011
3484,2000,0
3485,2000,0
3486,2000,0
3487,2000,383.82
3488,2000,21.321
3489,2000,0
3490,2000,66.146
3491,2000,0
3492,2000,0
3493,2000,0
3494,2000,70.145
3495,2000,0
3496,2000,46.175
3497,2000,0
3498,2000,15.751
3499,2000,0
3500,2000,0
3501,2000,0
3502,2000,0
3503,2000,0
3504,2000,0
3505,2000,0
3506,2000,185.4
3507,2000,0.11826
3508,2000,0
3509,2000,0
3510,2000,0
3511,2000,0
3512,2000,0
3513,2000,0
3514,2000,0
3515,2000,0
3516,2000,8.486
3517,2000,0
3518,2000,0
3519,2000,0
3520,2000,0.38912
3521,2000,21.307
3522,2000,37.155
3523,2000,0
3524,2000,0
3525,2000,0
3526,2000,20.004
3527,2000,30.946
3528,2000,0
3529,2000,0
3530,2000,0
3531,2000,96.381
3532,2000,0
3533,2000,0
3534,2000,0
3535,2000,13.469
3536,2000,0.10242
3537,2000,0
3538,2000,0
3539,2000,6.1869
3540,2000,0
3541,2000,0
3542,2000,0
3543,2000,0
3544,2000,0
3545,2000,30.295
3546,2000,0
3547,2000,0
3548,2000,0
3549,2000,0
3550,2000,0
3551,2000,0
3552,2000,0
3553,2000,0
3554,2000,0
3555,2000,0
3556,2000,0
3557,2000,0
3558,2000,113.85
3559,2000,7.7275
3560,2000,0
3561,2000,0
3562,2000,0
3563,2000,0
3564,2000,0.3865
3565,2000,0
3566,2000,0
3567,2000,0
3568,2000,0
3569,2000,0
3570,2000,150.78
3571,2000,0
3572,2000,1.9236
3573,2000,0
3574,2000,0
3575,2000,0
3576,2000,12.667
3577,2000,0
3578,2000,34.247
3579,2000,61.054
3580,2000,161.89
3581,2000,439.66
3582,2000,0
3583,2000,0
3584,2000,118.52
3585,2000,1.2929
3586,2000,0
3587,2000,0
3588,2000,0
3589,2000,0
3590,2000,0
3591,2000,0
3592,2000,14.018
3593,2000,0
3594,2000,0
3595,2000,0
3596,2000,0
3597,2000,0
3598,2000,0.84392
3599,2000,0
3600,2000,73.627
3601,2000,0
3602,2000,0
3603,2000,52.317
3604,2000,39.757
3605,2000,0
3606,2000,0
3607,2000,0
3608,2000,0
3609,2000,0
3610,2000,0
3611,2000,73.46
3612,2000,0
3613,2000,0
3614,2000,0
3615,2000,0.50167
3616,2000,0
3617,2000,0
3618,2000,0
3619,2000,1.5305
3620,2000,141.05
3621,2000,0
3622,2000,0
3623,2000,0
3624,2000,0
3625,2000,0
3626,2000,2.2265
3627,2000,171.41
3628,2000,0
3629,2000,0
3630,2000,58.223
3631,2000,0
3632,2000,0
3633,2000,0
3634,2000,514.84
3635,2000,0
3636,2000,0
3637,2000,0
3638,2000,0
3639,2000,0.97334
3640,2000,0
3641,2000,12.063
3642,2000,0
3643,2000,0.16445
3644,2000,0
3645,2000,281.98
3646,2000,0
3647,2000,66.567
3648,2000,0
3649,2000,2.2428
3650,2000,0
3651,2000,0
3652,2000,19.793
3653,2000,0.20774
3654,2000,0
3655,2000,0
3656,2000,0
3657,2000,0
3658,2000,1.4377
3659,2000,0
3660,2000,145.7
3661,2000,0
3662,2000,0
3663,2000,0
3664,2000,0
3665,2000,0
3666,2000,23.881
3667,2000,72.25
3668,2000,12.487
3669,2000,38.174
3670,2000,0
3671,2000,0
3672,2000,0
3673,2000,0
3674,2000,86.321
3675,2000,63.368
3676,2000,0
3677,2000,81.012
3678,2000,0
3679,2000,0.49318
3680,2000,0
3681,2000,0
3682,2000,0
3683,2000,0
3684,2000,365.34
3685,2000,0
3686,2000,0
3687,2000,0
3688,2000,0
3689,2000,0
3690,2000,0
3691,2000,174.83
3692,2000,38.386
3693,2000,0
3694,2000,0
3695,2000,362.21
3696,2000,105.51
3697,2000,0
3698,2000,0
3699,2000,6.2903
3700,2000,0
3701,2000,0
3702,2000,6.8773
3703,2000,0
3704,2000,0
3705,2000,0
3706,2000,0
3707,2000,0
3708,2000,157.66
3709,2000,0
3710,2000,295.4
3711,2000,0.35337
3712,2000,0
3713,2000,0
3714,2000,0
3715,2000,27.847
3716,2000,0
3717,2000,0
3718,2000,113.83
3719,2000,0
3720,2000,0
3721,2000,0.20608
3722,2000,0
3723,2000,33.326
3724,2000,363.53
3725,2000,0
3726,2000,0
3727,2000,8.3653
3728,2000,0.13687
3729,2000,0
3730,2000,0
3731,2000,0
3732,2000,0
3733,2000,1.2228
3734,2000,125.67
3735,2000,0
3736,2000,0
3737,2000,0
3738,2000,101.17
3739,2000,0
3740,2000,26.595
3741,2000,1.7065
3742,2000,0
3743,2000,0
3744,2000,14.203
3745,2000,0
3746,2000,4.3624
3747,2000,13.327
3748,2000,137.71
3749,2000,0
3750,2000,0
3751,2000,0.98222
3752,2000,0
3753,2000,0
3754,2000,245.49
3755,2000,0
3756,2000,0
3757,2000,0
3758,2000,0
3759,2000,0
3760,2000,115.22
3761,2000,1.3151
3762,2000,0
3763,2000,22.367
3764,2000,0
3765,2000,0
3766,2000,6.1392
3767,2000,0
3768,2000,377.83
3769,2000,0
3770,2000,23.806
3771,2000,0
3772,2000,0
3773,2000,0
3774,2000,0
3775,2000,3.0479
3776,2000,0
3777,2000,0
3778,2000,0
3779,2000,0
3780,2000,0
3781,2000,225.37
3782,2000,0
3783,2000,0
3784,2000,270.36
3785,2000,0
3786,2000,149.15
3787,2000,0
3788,2000,0
3789,2000,0
3790,2000,0
3791,2000,28.172
3792,2000,0
3793,2000,0
3794,2000,0
3795,2000,0
3796,2000,0
3797,2000,190.14
3798,2000,1.2533
3799,2000,0
3800,2000,122.04
3801,2000,8.4057
3802,2000,0
3803,2000,0
3804,2000,0
3805,2000,0
3806,2000,0
3807,2000,0
3808,2000,0
3809,2000,0
3810,2000,0
3811,2000,0
3812,2000,0
3813,2000,0
3814,2000,0
3815,2000,0.17309
3816,2000,0
3817,2000,10.301
3818,2000,0
3819,2000,0
3820,2000,0
3821,2000,194.32
3822,2000,41.433
3823,2000,0
3824,2000,0
3825,2000,15.477
3826,2000,7.4315
3827,2000,0
3828,2000,0
3829,2000,0
3830,2000,6.9821
3831,2000,0
3832,2000,0
3833,2000,8.8401
3834,2000,0
3835,2000,0
3836,2000,0
3837,2000,0
3838,2000,231.04
3839,2000,0
3840,2000,0
3841,2000,0
3842,2000,36.357
3843,2000,0
3844,2000,0
3845,2000,0
3846,2000,0
3847,2000,359.77
3848,2000,1.3835
3849,2000,0.12872
3850,2000,0
3851,2000,0
3852,2000,34.064
3853,2000,77.342
3854,2000,0
3855,2000,26.038
3856,2000,0
3857,2000,0
3858,2000,186.58
3859,2000,0
3860,2000,0
3861,2000,71.303
3862,2000,0
3863,2000,0
3864,2000,166.3
3865,2000,2.9872
3866,2000,0
3867,2000,390.24
3868,2000,25.298
3869,2000,441.02
3870,2000,0
3871,2000,0
3872,2000,0
3873,2000,246.66
3874,2000,2.3296
3875,2000,0
3876,2000,34.879
3877,2000,38.2
3878,2000,0
3879,2000,11.652
3880,2000,4.1867
3881,2000,3.4882
3882,2000,4.1251
3883,2000,0
3884,2000,63.9
3885,2000,0
3886,2000,11.469
3887,2000,6.0886
3888,2000,0
3889,2000,115.25
3890,2000,0
3891,2000,12.379
3892,2000,0
3893,2000,101.58
3894,2000,0.41775
3895,2000,0
3896,2000,0
3897,2000,0
3898,2000,0
3899,2000,4.5289
3900,2000,124.51
3901,2000,14.968
3902,2000,0
3903,2000,0
3904,2000,0
3905,2000,0.46394
3906,2000,11.52
3907,2000,0
3908,2000,0
3909,2000,0
3910,2000,0
3911,2000,0
3912,2000,0
3913,2000,0
3914,2000,0
3915,2000,0
3916,2000,0
3917,2000,0
3918,2000,0
3919,2000,0
3920,2000,0
3921,2000,0
3922,2000,0
3923,2000,0.77198
3924,2000,14.891
3925,2000,0.57548
3926,2000,0
3927,2000,0
3928,2000,0
3929,2000,0
3930,2000,0
3931,2000,87.258
3932,2000,0
3933,2000,0
3934,2000,0
3935,2000,0
3936,2000,0
3937,2000,0.23858
3938,2000,0
3939,2000,0
3940,2000,0
3941,2000,0
3942,2000,0
3943,2000,0
3944,2000,0
3945,2000,8.7647
3946,2000,244.66
3947,2000,0
3948,2000,223.77
3949,2000,0.46976
3950,2000,193.48
3951,2000,0
3952,2000,0
3953,2000,0
3954,2000,326.51
3955,2000,0
3956,2000,0
3957,2000,0
3958,2000,0
3959,2000,68.715
3960,2000,0
3961,2000,0
3962,2000,0.73899
3963,2000,0.69835
3964,2000,0
3965,2000,0.52769
3966,2000,0
3967,2000,34.905
3968,2000,0
3969,2000,0
3970,2000,38.899
3971,2000,0
3972,2000,0
3973,2000,284.28
3974,2000,113.19
3975,2000,0
3976,2000,0
3977,2000,0
3978,2000,0.59061
3979,2000,163.33
3980,2000,0.65697
3981,2000,87.963
3982,2000,0
3983,2000,0
3984,2000,0
3985,2000,0
3986,2000,0
3987,2000,0
3988,2000,49.565
3989,2000,413.62
3990,2000,266.02
3991,2000,0
3992,2000,0
3993,2000,0
3994,2000,21.377
3995,2000,0
3996,2000,100.31
3997,2000,0
3998,2000,0
3999,2000,0
4000,2000,0
4001,2000,0
4002,2000,0
4003,2000,34.699
4004,2000,0
4005,2000,0
4006,2000,0
4007,2000,0
4008,2000,4.6715
4009,2000,0
4010,2000,0
4011,2000,0
4012,2000,0
4013,2000,0
4014,2000,0
4015,2000,8.0875
4016,2000,0
4017,2000,0
4018,2000,10.058
4019,2000,0
4020,2000,0
4021,2000,0
4022,2000,155.38
4023,2000,0
4024,2000,0
4025,2000,0
4026,2000,0
4027,2000,11.239
4028,2000,0
4029,2000,258.93
4030,2000,0
4031,2000,0
4032,2000,381.49
4033,2000,0
4034,2000,29.845
4035,2000,1.6693
4036,2000,25.198
4037,2000,0
4038,2000,0
4039,2000,2.5704
4040,2000,0
4041,2000,0
4042,2000,218.54
4043,2000,42.985
4044,2000,0
4045,2000,0
4046,2000,0
4047,2000,15.73
4048,2000,0
4049,2000,0
4050,2000,0
4051,2000,91.891
4052,2000,0
4053,2000,0
4054,2000,0.2166
4055,2000,0
4056,2000,0
4057,2000,119.94
4058,2000,377.47
4059,2000,0
4060,2000,0
4061,2000,0
4062,2000,0
4063,2000,170.7
4064,2000,0
4065,2000,123.34
4066,2000,0
4067,2000,0
4068,2000,57.165
4069,2000,0
4070,2000,0.57806
4071,2000,0
4072,2000,0
4073,2000,0
4074,2000,45.547
4075,2000,0
4076,2000,0
4077,2000,2.8145
4078,2000,13.191
4079,2000,0
4080,2000,0
4081,2000,0
4082,2000,0
4083,2000,0
4084,2000,0
4085,2000,16.616
4086,2000,0
4087,2000,0
4088,2000,109.46
4089,2000,7.3262
4090,2000,0
4091,2000,0
4092,2000,28.456
4093,2000,0
4094,2000,0
4095,2000,0
4096,2000,0
4097,2000,0
4098,2000,0
4099,2000,0
4100,2000,4.9602
4101,2000,0
4102,2000,0
4103,2000,0
4104,2000,294.71
4105,2000,106
4106,2000,201.27
4107,2000,0
4108,2000,9.4551
4109,2000,0
4110,2000,8.5709
4111,2000,0
4112,2000,0
4113,2000,84.432
4114,2000,0
4115,2000,35.179
4116,2000,0
4117,2000,0
4118,2000,123.47
4119,2000,1.7472
4120,2000,125.1
4121,2000,0
4122,2000,12.137
4123,2000,0
4124,2000,4.1402
4125,2000,0
4126,2000,160.23
4127,2000,0
4128,2000,0
4129,2000,0
4130,2000,0
4131,2000,0
4132,2000,0
4133,2000,0
4134,2000,0
4135,2000,0
4136,2000,57.702
4137,2000,66.691
4138,2000,0
4139,2000,2.987
4140,2000,187.27
4141,2000,0
4142,2000,0
4143,2000,0
4144,2000,1.4549
4145,2000,0
4146,2000,0
4147,2000,0
4148,2000,1.1696
4149,2000,0
4150,2000,78.85
4151,2000,0
4152,2000,0
4153,2000,43.521
4154,2000,17.587
4155,2000,0.77238
4156,2000,128.67
4157,2000,44.968
4158,2000,186.45
4159,2000,1.4663
4160,2000,0
4161,2000,0
4162,2000,18.291
4163,2000,0
4164,2000,3.2982
4165,2000,94.425
4166,2000,0
4167,2000,0
4168,2000,0
4169,2000,0
4170,2000,0
4171,2000,0
4172,2000,0
4173,2000,0
4174,2000,0.46274
4175,2000,27.703
4176,2000,0
4177,2000,0
4178,2000,0
4179,2000,0
4180,2000,1.8215
4181,2000,0
4182,2000,0
4183,2000,0
4184,2000,37.816
4185,2000,38.374
4186,2000,0
4187,2000,0
4188,2000,0
4189,2000,0
4190,2000,42.855
4191,2000,2.7445
4192,2000,0
4193,2000,0
4194,2000,90.103
4195,2000,0
4196,2000,0
4197,2000,0.15975
4198,2000,0
4199,2000,0
4200,2000,387.34
4201,2000,0
4202,2000,298.08
4203,2000,0
4204,2000,92.059
4205,2000,0
4206,2000,0
4207,2000,0
4208,2000,0.11456
4209,2000,0.46679
4210,2000,0
4211,2000,0
4212,2000,0
4213,2000,0
4214,2000,0
4215,2000,0
4216,2000,19.8
4217,2000,48.773
4218,2000,0
4219,2000,62.663
4220,2000,4.5885
4221,2000,0
4222,2000,0
4223,2000,0
4224,2000,0
4225,2000,0
4226,2000,0
4227,2000,147.78
4228,2000,0
4229,2000,0
4230,2000,0
4231,2000,0
4232,2000,0
4233,2000,0
4234,2000,0
4235,2000,3.5328
4236,2000,5.5483
4237,2000,0
4238,2000,0
4239,2000,0
4240,2000,0
4241,2000,0
4242,2000,0
4243,2000,0
4244,2000,0
4245,2000,0
4246,2000,0
4247,2000,0
4248,2000,0
4249,2000,0
4250,2000,250.43
4251,2000,0
4252,2000,141.99
4253,2000,0
4254,2000,0
4255,2000,0
4256,2000,0
4257,2000,0.17273
4258,2000,0
4259,2000,0
4260,2000,65.396
4261,2000,94.287
4262,2000,2.726
4263,2000,0
4264,2000,109.58
4265,2000,0
4266,2000,0
4267,2000,195.74
4268,2000,0
4269,2000,0
4270,2000,0
4271,2000,0
4272,2000,30.956
4273,2000,0
4274,2000,2.0909
4275,2000,404.58
4276,2000,102.23
4277,2000,0
4278,2000,19.087
4279,2000,0
4280,2000,0
4281,2000,0
4282,2000,72.602
4283,2000,0
4284,2000,0
4285,2000,0
4286,2000,0
4287,2000,5.4958
4288,2000,0
4289,2000,0
4290,2000,0
4291,2000,233.25
4292,2000,0.14731
4293,2000,0
4294,2000,21.119
4295,2000,0
4296,2000,35.317
4297,2000,0
4298,2000,0
4299,2000,71.232
4300,2000,182.71
4301,2000,0
4302,2000,0
4303,2000,0
4304,2000,0
4305,2000,0
4306,2000,0
4307,2000,0
4308,2000,2.8185
4309,2000,44.193
4310,2000,0
4311,2000,0
4312,2000,105.2
4313,2000,0
4314,2000,55.637
4315,2000,16.846
4316,2000,0
4317,2000,0
4318,2000,348.93
4319,2000,0
4320,2000,0
4321,2000,337.95
4322,2000,0
4323,2000,0
4324,2000,0
4325,2000,4.3497
4326,2000,0
4327,2000,0
4328,2000,0
4329,2000,14.015
4330,2000,67.325
4331,2000,82.619
4332,2000,0
4333,2000,0
4334,2000,43.025
4335,2000,2.7194
4336,2000,0
4337,2000,0
4338,2000,0
4339,2000,0
4340,2000,0
4341,2000,0
4342,2000,0
4343,2000,0
4344,2000,8.983
4345,2000,30.806
4346,2000,48.607
4347,2000,0
4348,2000,50.1
4349,2000,0
4350,2000,158.71
4351,2000,30.93
4352,2000,228.24
4353,2000,5.2634
4354,2000,0
4355,2000,0
4356,2000,0
4357,2000,0
4358,2000,0
4359,2000,0
4360,2000,0
4361,2000,0
4362,2000,0
4363,2000,0
4364,2000,0
4365,2000,0
4366,2000,78.699
4367,2000,0
4368,2000,0
4369,2000,0.27718
4370,2000,0
4371,2000,3.644
4372,2000,0
4373,2000,25.756
4374,2000,0
4375,2000,7.459
4376,2000,0
4377,2000,0
4378,2000,2.1254
4379,2000,0
4380,2000,67.643
4381,2000,220.16
4382,2000,533.73
4383,2000,361.56
4384,2000,0
4385,2000,0
4386,2000,105.22
4387,2000,40.347
4388,2000,0
4389,2000,0
4390,2000,0
4391,2000,232.74
4392,2000,434.02
4393,2000,0
4394,2000,267.47
4395,2000,0
4396,2000,0
4397,2000,0
4398,2000,0
4399,2000,0.72095
4400,2000,0
4401,2000,0
4402,2000,73.294
4403,2000,4.2003
4404,2000,53.705
4405,2000,0
4406,2000,0
4407,2000,3.2592
4408,2000,0
4409,2000,0
4410,2000,348.88
4411,2000,0
4412,2000,30.141
4413,2000,0
4414,2000,0
4415,2000,0.14076
4416,2000,21.103
4417,2000,0
4418,2000,0
4419,2000,0
4420,2000,176.71
4421,2000,0
4422,2000,0
4423,2000,0
4424,2000,1.467
4425,2000,264.7
4426,2000,0
4427,2000,1.7451
4428,2000,0
4429,2000,0
4430,2000,9.4281
4431,2000,0
4432,2000,0
4433,2000,1.3534
4434,2000,0.48052
4435,2000,216.24
4436,2000,67.573
4437,2000,379.83
4438,2000,0.60819
4439,2000,0
4440,2000,108.02
4441,2000,0
4442,2000,0
4443,2000,36.026
4444,2000,0
4445,2000,0
4446,2000,0
4447,2000,0.47782
4448,2000,0
4449,2000,0
4450,2000,70.405
4451,2000,0
4452,2000,0
4453,2000,0
4454,2000,152.54
4455,2000,128.54
4456,2000,5.2103
4457,2000,0
4458,2000,55.406
4459,2000,0
4460,2000,0
4461,2000,0
4462,2000,0
4463,2000,408.43
4464,2000,0
4465,2000,2.6941
4466,2000,120.29
4467,2000,0
4468,2000,0
4469,2000,1.7815
4470,2000,0
4471,2000,0
4472,2000,0
4473,2000,0
4474,2000,102.51
4475,2000,0.18223
4476,2000,25.817
4477,2000,0
4478,2000,0
4479,2000,0
4480,2000,67.132
4481,2000,0
4482,2000,0
4483,2000,0
4484,2000,90.397
4485,2000,362.51
4486,2000,19.094
4487,2000,0
4488,2000,0
4489,2000,0.16367
4490,2000,14.041
4491,2000,6.9471
4492,2000,0.12015
4493,2000,0.10749
4494,2000,6.0025
4495,2000,1.4679
4496,2000,13.316
4497,2000,45.764
4498,2000,6.3995
4499,2000,0
4500,2000,0
4501,2000,0
4502,2000,0
4503,2000,0
4504,2000,114.28
4505,2000,0
4506,2000,0
4507,2000,76.055
4508,2000,0
4509,2000,0
4510,2000,0
4511,2000,0
4512,2000,7.102
4513,2000,0
4514,2000,0
4515,2000,0
4516,2000,0
4517,2000,0
4518,2000,0
4519,2000,0
4520,2000,0
4521,2000,0.33338
4522,2000,10.399
4523,2000,0
4524,2000,0
4525,2000,0
4526,2000,0
4527,2000,0
4528,2000,4.5664
4529,2000,0
4530,2000,0
4531,2000,0
4532,2000,0
4533,2000,0
4534,2000,6.7504
4535,2000,0.33183
4536,2000,0
4537,2000,0
4538,2000,0
4539,2000,85.767
4540,2000,46.282
4541,2000,0
4542,2000,0
4543,2000,0
4544,2000,0
4545,2000,1.5791
4546,2000,155.78
4547,2000,0
4548,2000,0
4549,2000,0
4550,2000,0
4551,2000,0
4552,2000,0
4553,2000,0.12713
4554,2000,43.297
4555,2000,0
4556,2000,3.3521
4557,2000,1.1951
4558,2000,0
4559,2000,9.6044
4560,2000,35.84
4561,2000,0
4562,2000,228.52
4563,2000,0
4564,2000,0
4565,2000,0
4566,2000,0
4567,2000,0
4568,2000,98.508
4569,2000,0
4570,2000,0
4571,2000,0
4572,2000,6.362
4573,2000,0
4574,2000,0
4575,2000,0
4576,2000,521.49
4577,2000,0
4578,2000,0
4579,2000,0
4580,2000,152.01
4581,2000,0
4582,2000,0
4583,2000,0
4584,2000,0
4585,2000,0.5599
4586,2000,0
4587,2000,0
4588,2000,0.10359
4589,2000,105.97
4590,2000,0
4591,2000,0
4592,2000,0
4593,2000,183.06
4594,2000,0.12259
4595,2000,89.374
4596,2000,0
4597,2000,0
4598,2000,0
4599,2000,0
4600,2000,163.47
4601,2000,0
4602,2000,0
4603,2000,0
4604,2000,0
4605,2000,71.115
4606,2000,0.11854
4607,2000,53.814
4608,2000,99.021
4609,2000,0
4610,2000,280.65
4611,2000,0
4612,2000,0
4613,2000,19.635
4614,2000,0
4615,2000,7.2054
4616,2000,0
4617,2000,0
4618,2000,66.789
4619,2000,31.422
4620,2000,41.899
4621,2000,0
4622,2000,11.114
4623,2000,0
4624,2000,0
4625,2000,68.584
4626,2000,0
4627,2000,0
4628,2000,0
4629,2000,0.4261
4630,2000,1.6087
4631,2000,16.268
4632,2000,1.0608
4633,2000,0
4634,2000,133.55
4635,2000,0
4636,2000,0
4637,2000,0
4638,2000,35.662
4639,2000,0
4640,2000,0
4641,2000,0
4642,2000,0
4643,2000,0.5068
4644,2000,0
4645,2000,0
4646,2000,0
4647,2000,0
4648,2000,0
4649,2000,6.496
4650,2000,0
4651,2000,0
4652,2000,253.84
4653,2000,2.0667
4654,2000,0
4655,2000,0
4656,2000,0
4657,2000,0
4658,2000,0
4659,2000,0
4660,2000,0
4661,2000,0
4662,2000,186.44
4663,2000,379.03
4664,2000,0
4665,2000,0
4666,2000,232.38
4667,2000,0
4668,2000,0
4669,2000,0
4670,2000,0.61313
4671,2000,0
4672,2000,0
4673,2000,0
4674,2000,0
4675,2000,0
4676,2000,0
4677,2000,0
4678,2000,33.064
4679,2000,0
4680,2000,0
4681,2000,0
4682,2000,15.553
4683,2000,0
4684,2000,0
4685,2000,0
4686,2000,0
4687,2000,0
4688,2000,0
4689,2000,101.07
4690,2000,0.64094
4691,2000,3.8581
4692,2000,0
4693,2000,0
4694,2000,0
4695,2000,0
4696,2000,0
4697,2000,0
4698,2000,0
4699,2000,0
4700,2000,0
4701,2000,0
4702,2000,75.148
4703,2000,0
4704,2000,52.408
4705,2000,0
4706,2000,0
4707,2000,0
4708,2000,0
4709,2000,70.372
4710,2000,0
4711,2000,0
4712,2000,13.153
4713,2000,0
4714,2000,0
4715,2000,53.497
4716,2000,0
4717,2000,0
4718,2000,0
4719,2000,0
4720,2000,0
4721,2000,0
4722,2000,0
4723,2000,0
4724,2000,0
4725,2000,0
4726,2000,1.1097
4727,2000,0
4728,2000,6.1302
4729,2000,0
4730,2000,175.29
4731,2000,0
4732,2000,393.73
4733,2000,0
4734,2000,0
4735,2000,0
4736,2000,10.031
4737,2000,0
4738,2000,12.776
4739,2000,0
4740,2000,0
4741,2000,0
4742,2000,198.23
4743,2000,15.713
4744,2000,38.834
4745,2000,306.29
4746,2000,0
4747,2000,96.189
4748,2000,0
4749,2000,42.742
4750,2000,2.6573
4751,2000,86.883
4752,2000,108.14
4753,2000,10.672
4754,2000,30.102
4755,2000,0
4756,2000,9.1342
4757,2000,0.26321
4758,2000,2.0676
4759,2000,33.463
4760,2000,0
4761,2000,0
4762,2000,0
4763,2000,0
4764,2000,0
4765,2000,1.6172
4766,2000,0.11884
4767,2000,0.11055
4768,2000,0
4769,2000,0.13546
4770,2000,0
4771,2000,110.51
4772,2000,0
4773,2000,0
4774,2000,0
4775,2000,0
4776,2000,66.331
4777,2000,0.17338
4778,2000,92.806
4779,2000,0
4780,2000,0
4781,2000,12.339
4782,2000,0.41728
4783,2000,0
4784,2000,0
4785,2000,0
4786,2000,0
4787,2000,0
4788,2000,0
4789,2000,112.39
4790,2000,0
4791,2000,0
4792,2000,0
4793,2000,0
4794,2000,109.19
4795,2000,167.4
4796,2000,0
4797,2000,0
4798,2000,0
4799,2000,482.45
4800,2000,0
4801,2000,0
4802,2000,0
4803,2000,0
4804,2000,357.35
4805,2000,0
4806,2000,0
4807,2000,0
4808,2000,0
4809,2000,328.73
4810,2000,39.724
4811,2000,0.67784
4812,2000,0
4813,2000,0
4814,2000,0
4815,2000,0
4816,2000,0
4817,2000,0
4818,2000,0
4819,2000,0
4820,2000,0
4821,2000,4.6029
4822,2000,0
4823,2000,0
4824,2000,0
4825,2000,61.862
4826,2000,16.725
4827,2000,0.32707
4828,2000,0
4829,2000,135.4
4830,2000,0
4831,2000,0
4832,2000,8.3824
4833,2000,0
4834,2000,0
4835,2000,0
4836,2000,0
4837,2000,0
4838,2000,0.99334
4839,2000,1.2673
4840,2000,0
4841,2000,0.51048
4842,2000,0
4843,2000,0
4844,2000,0
4845,2000,109.67
4846,2000,0
4847,2000,0
4848,2000,0
4849,2000,0
4850,2000,116.3
4851,2000,496.19
4852,2000,38.932
4853,2000,3.4329
4854,2000,0
4855,2000,0
4856,2000,0
4857,2000,0
4858,2000,0
4859,2000,0.82036
4860,2000,0
4861,2000,0
4862,2000,0.31368
4863,2000,0
4864,2000,325.84
4865,2000,0
4866,2000,0
4867,2000,0
4868,2000,10.703
4869,2000,13.712
4870,2000,0
4871,2000,1.2566
4872,2000,0.16048
4873,2000,0
4874,2000,0
4875,2000,66.016
4876,2000,0
4877,2000,4.5364
4878,2000,0
4879,2000,5.6147
4880,2000,0
4881,2000,0
4882,2000,0
4883,2000,0
4884,2000,0
4885,2000,5.7979
4886,2000,0.54643
4887,2000,10.296
4888,2000,0
4889,2000,0
4890,2000,0
4891,2000,0
4892,2000,0
4893,2000,0
4894,2000,86.811
4895,2000,54.792
4896,2000,0
4897,2000,392.58
4898,2000,29.863
4899,2000,0.18046
4900,2000,182.12
4901,2000,0
4902,2000,0
4903,2000,0.14383
4904,2000,0
4905,2000,0
4906,2000,199.83
4907,2000,0
4908,2000,0.71151
4909,2000,8.8609
4910,2000,0
4911,2000,12.219
4912,2000,9.9184
4913,2000,0
4914,2000,170.93
4915,2000,0
4916,2000,0
4917,2000,0
4918,2000,0
4919,2000,12.173
4920,2000,381.07
4921,2000,0
4922,2000,88.568
4923,2000,409.98
4924,2000,0
4925,2000,0
4926,2000,0
4927,2000,0
4928,2000,3.8018
4929,2000,0
4930,2000,0.58243
4931,2000,0
4932,2000,0
4933,2000,0
4934,2000,3.2313
4935,2000,0
4936,2000,0
4937,2000,20.136
4938,2000,0
4939,2000,0
4940,2000,328.09
4941,2000,0
4942,2000,0
4943,2000,0
4944,2000,0
4945,2000,48.698
4946,2000,29.149
4947,2000,0
4948,2000,0
4949,2000,0
4950,2000,12.18
4951,2000,0
4952,2000,67.09
4953,2000,0
4954,2000,115.89
4955,2000,0
4956,2000,0
4957,2000,0
4958,2000,0.33038
4959,2000,0
4960,2000,8.0884
4961,2000,30.838
4962,2000,0
4963,2000,0
4964,2000,201.35
4965,2000,0
4966,2000,46.17
4967,2000,0
4968,2000,8.8309
4969,2000,0
4970,2000,0
4971,2000,5.0777
4972,2000,12.479
4973,2000,0
4974,2000,0
4975,2000,0.76738
4976,2000,226.61
4977,2000,0
4978,2000,0
4979,2000,0.13178
4980,2000,0.62856
4981,2000,0
4982,2000,0
4983,2000,0
4984,2000,0
4985,2000,0
4986,2000,0
4987,2000,0
4988,2000,1.1585
4989,2000,0
4990,2000,55.549
4991,2000,1.1262
4992,2000,57.707
4993,2000,0
4994,2000,0
4995,2000,0
4996,2000,0
4997,2000,0
4998,2000,0
4999,2000,0
5000,2000,5.6573
5001,2000,0
5002,2000,0
5003,2000,0
5004,2000,0
5005,2000,78.474
5006,2000,0
5007,2000,2.8368
5008,2000,0
5009,2000,0
5010,2000,0
5011,2000,0
5012,2000,23.061
5013,2000,0
5014,2000,63.79
5015,2000,26.068
5016,2000,0.13761
5017,2000,0
5018,2000,0
5019,2000,0
5020,2000,0
5021,2000,0
5022,2000,126.21
5023,2000,0
5024,2000,5.1008
5025,2000,63.253
5026,2000,422.06
5027,2000,0
5028,2000,0
5029,2000,52.838
5030,2000,0
5031,2000,53.902
5032,2000,7.4692
5033,2000,0
5034,2000,0
5035,2000,0
5036,2000,0
5037,2000,0
5038,2000,0
5039,2000,0
5040,2000,0
5041,2000,37.002
5042,2000,9.1487
5043,2000,0
5044,2000,0
5045,2000,0
5046,2000,17.412
5047,2000,0
5048,2000,0
5049,2000,0
5050,2000,0
5051,2000,0
5052,2000,173.87
5053,2000,211.2
5054,2000,0
5055,2000,0
5056,2000,0
5057,2000,0
5058,2000,0
5059,2000,26.903
5060,2000,0
5061,2000,0
5062,2000,12.697
5063,2000,0
5064,2000,0
5065,2000,390.85
5066,2000,5.0454
5067,2000,6.4759
5068,2000,0
5069,2000,147.71
5070,2000,0
5071,2000,0
5072,2000,0
5073,2000,0
5074,2000,0
5075,2000,3.9904
5076,2000,0
5077,2000,0
5078,2000,26.452
5079,2000,0
5080,2000,145.69
5081,2000,274.34
5082,2000,0.41854
5083,2000,0
5084,2000,0
5085,2000,0
5086,2000,0
5087,2000,0.65326
5088,2000,1.1966
5089,2000,0
5090,2000,0
5091,2000,0
5092,2000,0
5093,2000,0
5094,2000,0
5095,2000,66.539
5096,2000,0
5097,2000,66.984
5098,2000,0
5099,2000,0
5100,2000,0
5101,2000,0
5102,2000,0.47036
5103,2000,0
5104,2000,178.91
5105,2000,0
5106,2000,0
5107,2000,0
5108,2000,0
5109,2000,0
5110,2000,0
5111,2000,0
5112,2000,0
5113,2000,179.56
5114,2000,2.6869
5115,2000,0
5116,2000,0
5117,2000,19.989
5118,2000,0
5119,2000,0
5120,2000,3.3647
5121,2000,0
5122,2000,0
5123,2000,0
5124,2000,0
5125,2000,0
5126,2000,0
5127,2000,0.54014
5128,2000,0
5129,2000,246.23
5130,2000,0
5131,2000,0
5132,2000,102.46
5133,2000,0
5134,2000,0
5135,2000,0
5136,2000,0
5137,2000,0.39509
5138,2000,0
5139,2000,0
5140,2000,44.499
5141,2000,0
5142,2000,0
5143,2000,0
5144,2000,546.62
5145,2000,0
5146,2000,0
5147,2000,0
5148,2000,162.72
5149,2000,22.96
5150,2000,0
5151,2000,0
5152,2000,0
5153,2000,35.158
5154,2000,49.002
5155,2000,0
5156,2000,36.891
5157,2000,0
5158,2000,0
5159,2000,0
5160,2000,444.79
5161,2000,0
5162,2000,54.786
5163,2000,32.894
5164,2000,0
5165,2000,80.968
5166,2000,0
5167,2000,0
5168,2000,0
5169,2000,0
5170,2000,0
5171,2000,0
5172,2000,0
5173,2000,85.636
5174,2000,0
5175,2000,0.11734
5176,2000,0
5177,2000,3.6067
5178,2000,0
5179,2000,0
5180,2000,34.067
5181,2000,1.6171
5182,2000,0
5183,2000,40.23
5184,2000,0
5185,2000,156.78
5186,2000,0
5187,2000,0
5188,2000,0
5189,2000,0
5190,2000,0
5191,2000,128.26
5192,2000,0
5193,2000,0
5194,2000,0
5195,2000,0
5196,2000,0.54218
5197,2000,0
5198,2000,0
5199,2000,0
5200,2000,0
5201,2000,0
5202,2000,0
5203,2000,33.09
5204,2000,12.184
5205,2000,0
5206,2000,0
5207,2000,0
5208,2000,0
5209,2000,0
5210,2000,0
5211,2000,9.9527
5212,2000,7.3317
5213,2000,0
5214,2000,0
5215,2000,3.898
5216,2000,0
5217,2000,3.4581
5218,2000,12.122
5219,2000,0
5220,2000,0.38256
5221,2000,2.6708
5222,2000,0
5223,2000,0
5224,2000,30.911
5225,2000,0
5226,2000,0
5227,2000,448.16
5228,2000,0
5229,2000,0
5230,2000,0
5231,2000,34.422
5232,2000,0
5233,2000,328.41
5234,2000,0
5235,2000,16.885
5236,2000,0
5237,2000,13.905
5238,2000,0.61915
5239,2000,4.3058
5240,2000,0
5241,2000,0
5242,2000,0
5243,2000,0
5244,2000,0
5245,2000,0
5246,2000,0
5247,2000,40.093
5248,2000,0
5249,2000,0
5250,2000,0
5251,2000,0.25226
5252,2000,0
5253,2000,0
5254,2000,0
5255,2000,0
5256,2000,0
5257,2000,0
5258,2000,0
5259,2000,0
5260,2000,0
5261,2000,0
5262,2000,0
5263,2000,0
5264,2000,0
5265,2000,0
5266,2000,0
5267,2000,0.41566
5268,2000,0
5269,2000,0
5270,2000,0
5271,2000,0
5272,2000,1.8081
5273,2000,0
5274,2000,85.717
5275,2000,0
5276,2000,91.384
5277,2000,0
5278,2000,0
5279,2000,0
5280,2000,0
5281,2000,0.48712
5282,2000,0
5283,2000,0
5284,2000,0.79694
5285,2000,6.006
5286,2000,0
5287,2000,129.3
5288,2000,0
5289,2000,0
5290,2000,0
5291,2000,0.36457
5292,2000,0
5293,2000,0
5294,2000,0
5295,2000,0.11711
5296,2000,0.73339
5297,2000,22.434
5298,2000,53.925
5299,2000,0
5300,2000,0
5301,2000,0
5302,2000,0
5303,2000,0
5304,2000,0
5305,2000,0
5306,2000,20.556
5307,2000,0
5308,2000,160.04
5309,2000,0
5310,2000,88.541
5311,2000,0
5312,2000,0
5313,2000,0
5314,2000,78.225
5315,2000,12.077
5316,2000,0
5317,2000,0
5318,2000,0
5319,2000,0
5320,2000,0
5321,2000,0
5322,2000,0
5323,2000,0
5324,2000,0
5325,2000,0
5326,2000,0
5327,2000,0
5328,2000,0
5329,2000,0.12121
5330,2000,0.13877
5331,2000,271.95
5332,2000,388.63
5333,2000,0.11063
5334,2000,0.12293
5335,2000,0
5336,2000,30.944
5337,2000,0
5338,2000,49.004
5339,2000,0
5340,2000,0
5341,2000,127.91
5342,2000,0
5343,2000,0
5344,2000,13.509
5345,2000,66.74
5346,2000,0
5347,2000,0
5348,2000,0
5349,2000,226.78
5350,2000,0
5351,2000,97.414
5352,2000,0.24381
5353,2000,45.952
5354,2000,0
5355,2000,0
5356,2000,0
5357,2000,0
5358,2000,0
5359,2000,0
5360,2000,45.624
5361,2000,0
5362,2000,0
5363,2000,0
5364,2000,1.0662
5365,2000,68.051
5366,2000,0
5367,2000,0
5368,2000,0
5369,2000,0
5370,2000,0
5371,2000,0
5372,2000,0
5373,2000,0
5374,2000,0
5375,2000,0
5376,2000,0
5377,2000,0
5378,2000,0
5379,2000,0
5380,2000,0
5381,2000,0
5382,2000,0
5383,2000,426
5384,2000,0
5385,2000,0
5386,2000,0
5387,2000,0
5388,2000,0
5389,2000,0
5390,2000,0
5391,2000,0
5392,2000,0
5393,2000,0
5394,2000,7.6381
5395,2000,0
5396,2000,0
5397,2000,28.62
5398,2000,1.8676
5399,2000,0
5400,2000,57.482
5401,2000,0
5402,2000,0
5403,2000,5.5704
5404,2000,159.57
5405,2000,0
5406,2000,0
5407,2000,0
5408,2000,0
5409,2000,0
5410,2000,0
5411,2000,0
5412,2000,198.18
5413,2000,0
5414,2000,0
5415,2000,0
5416,2000,117.7
5417,2000,25.323
5418,2000,217.84
5419,2000,0
5420,2000,91.828
5421,2000,0.32144
5422,2000,0
5423,2000,0
5424,2000,0
5425,2000,0
5426,2000,0
5427,2000,0
5428,2000,230.73
5429,2000,0.11827
5430,2000,10.862
5431,2000,0
5432,2000,0
5433,2000,72.263
5434,2000,0.54944
5435,2000,0.52252
5436,2000,0
5437,2000,0
5438,2000,0
5439,2000,0
5440,2000,0
5441,2000,51.209
5442,2000,160.2
5443,2000,0
5444,2000,35.064
5445,2000,0
5446,2000,0
5447,2000,0
5448,2000,0
5449,2000,0.27872
5450,2000,24.091
5451,2000,0.22061
5452,2000,0
5453,2000,8.4759
5454,2000,0
5455,2000,0
5456,2000,0.88884
5457,2000,0
5458,2000,11.837
5459,2000,0
5460,2000,0
5461,2000,0
5462,2000,0
5463,2000,91.386
5464,2000,84.105
5465,2000,0
5466,2000,0
5467,2000,0
5468,2000,0
5469,2000,92.527
5470,2000,0
5471,2000,0
5472,2000,0
5473,2000,0
5474,2000,5.7329
5475,2000,0
5476,2000,174.32
5477,2000,0
5478,2000,50.502
5479,2000,0.11867
5480,2000,62.262
5481,2000,0.10872
5482,2000,0
5483,2000,0
5484,2000,1.5797
5485,2000,273.13
5486,2000,0
5487,2000,0
5488,2000,0
5489,2000,0
5490,2000,0
5491,2000,0
5492,2000,0
5493,2000,0
5494,2000,0
5495,2000,0
5496,2000,0
5497,2000,0
5498,2000,54.12
5499,2000,2.263
5500,2000,0
5501,2000,0
5502,2000,0
5503,2000,46.496
5504,2000,1.3052
5505,2000,0.7438
5506,2000,107.48
5507,2000,65.765
5508,2000,0
5509,2000,0
5510,2000,0
5511,2000,0
5512,2000,0
5513,2000,0
5514,2000,0
5515,2000,0
5516,2000,0.31667
5517,2000,0
5518,2000,0
5519,2000,0
5520,2000,0
5521,2000,253.92
5522,2000,0
5523,2000,0
5524,2000,0
5525,2000,0
5526,2000,0
5527,2000,0
5528,2000,0
5529,2000,168.1
5530,2000,0
5531,2000,0
5532,2000,2.8733
5533,2000,0
5534,2000,0
5535,2000,117.49
5536,2000,0
5537,2000,0.40114
5538,2000,22.232
5539,2000,0
5540,2000,0
5541,2000,0
5542,2000,0
5543,2000,0
5544,2000,3.3612
5545,2000,0
5546,2000,0
5547,2000,0
5548,2000,0
5549,2000,0
5550,2000,191.94
5551,2000,0
5552,2000,15.691
5553,2000,0
5554,2000,0
5555,2000,0
5556,2000,30.215
5557,2000,0
5558,2000,0
5559,2000,95.271
5560,2000,0
5561,2000,0
5562,2000,2.8107
5563,2000,0
5564,2000,0
5565,2000,0.24162
5566,2000,0
5567,2000,0
5568,2000,0
5569,2000,0.12144
5570,2000,0
5571,2000,0
5572,2000,3.177
5573,2000,0
5574,2000,12.621
5575,2000,414.53
5576,2000,0
5577,2000,45.875
5578,2000,0
5579,2000,0
5580,2000,102.57
5581,2000,0
5582,2000,0
5583,2000,0
5584,2000,9.0554
5585,2000,0
5586,2000,282.84
5587,2000,0
5588,2000,0
5589,2000,117.09
5590,2000,243.27
5591,2000,137.11
5592,2000,0
5593,2000,0
5594,2000,0
5595,2000,0
5596,2000,88.411
5597,2000,0
5598,2000,0
5599,2000,2.9082
5600,2000,0
5601,2000,417.67
5602,2000,2.9966
5603,2000,0
5604,2000,0
5605,2000,594.46
5606,2000,0
5607,2000,0
5608,2000,66.319
5609,2000,53.025
5610,2000,0
5611,2000,10.465
5612,2000,0
5613,2000,0
5614,2000,68.653
5615,2000,209.3
5616,2000,0
5617,2000,20.536
5618,2000,53.296
5619,2000,3.1958
5620,2000,0
5621,2000,136.04
5622,2000,97.684
5623,2000,0
5624,2000,0
5625,2000,0
5626,2000,0
5627,2000,55.038
5628,2000,0
5629,2000,0
5630,2000,0
5631,2000,0.34911
5632,2000,327.87
5633,2000,0
5634,2000,224.71
5635,2000,0
5636,2000,0
5637,2000,0
5638,2000,0
5639,2000,0
5640,2000,0
5641,2000,153.99
5642,2000,0
5643,2000,85.371
5644,2000,0
5645,2000,2.6153
5646,2000,0
5647,2000,0
5648,2000,0
5649,2000,0
5650,2000,0
5651,2000,0
5652,2000,0
5653,2000,0
5654,2000,0
5655,2000,0
5656,2000,0
5657,2000,0
5658,2000,53.3
5659,2000,0
5660,2000,96.213
5661,2000,0
5662,2000,0
5663,2000,0
5664,2000,0
5665,2000,1.2367
5666,2000,0
5667,2000,0
5668,2000,0
5669,2000,2.0876
5670,2000,0
5671,2000,0
5672,2000,0
5673,2000,1.9326
5674,2000,0
5675,2000,83.779
5676,2000,0
5677,2000,0
5678,2000,0
5679,2000,0
5680,2000,299.36
5681,2000,0
5682,2000,0
5683,2000,0
5684,2000,113.11
5685,2000,0
5686,2000,0
5687,2000,3.1206
5688,2000,0
5689,2000,0
5690,2000,0.43036
5691,2000,0
5692,2000,0
5693,2000,0
5694,2000,0
5695,2000,417.7
5696,2000,0
5697,2000,0
5698,2000,0
5699,2000,0
5700,2000,0
5701,2000,0.99183
5702,2000,12.245
5703,2000,0.65925
5704,2000,49.637
5705,2000,180.65
5706,2000,97.328
5707,2000,78.701
5708,2000,0
5709,2000,159.76
5710,2000,0
5711,2000,0
5712,2000,124.37
5713,2000,18.355
5714,2000,0
5715,2000,0
5716,2000,0
5717,2000,73.223
5718,2000,16.651
5719,2000,0
5720,2000,0
5721,2000,0
5722,2000,0
5723,2000,176.46
5724,2000,3.1784
5725,2000,0
5726,2000,0.51542
5727,2000,0
5728,2000,0
5729,2000,0
5730,2000,0
5731,2000,0
5732,2000,0
5733,2000,348.85
5734,2000,0
5735,2000,18.515
5736,2000,4.6932
5737,2000,0
5738,2000,0
5739,2000,605.39
5740,2000,0
5741,2000,0
5742,2000,0
5743,2000,0
5744,2000,0
5745,2000,0
5746,2000,0
5747,2000,129.41
5748,2000,82.909
5749,2000,0
5750,2000,10.561
5751,2000,0
5752,2000,3.029
5753,2000,0
5754,2000,0
5755,2000,0
5756,2000,0
5757,2000,201.22
5758,2000,155.52
5759,2000,0
5760,2000,35.203
5761,2000,0
5762,2000,0
5763,2000,0
5764,2000,22.521
5765,2000,0
5766,2000,380.5
5767,2000,0
5768,2000,0
5769,2000,0
5770,2000,0
5771,2000,0
5772,2000,260.53
5773,2000,0
5774,2000,0
5775,2000,96.196
5776,2000,0
5777,2000,0
5778,2000,4.4842
5779,2000,35.844
5780,2000,0
5781,2000,22.732
5782,2000,0
5783,2000,0
5784,2000,18.457
5785,2000,0
5786,2000,20.554
5787,2000,30.349
5788,2000,0
5789,2000,0
5790,2000,120.09
5791,2000,128.36
5792,2000,376.17
5793,2000,0
5794,2000,0
5795,2000,90.874
5796,2000,0.72779
5797,2000,0
5798,2000,0
5799,2000,0
5800,2000,42.667
5801,2000,0
5802,2000,495.35
5803,2000,0
5804,2000,0
5805,2000,0
5806,2000,0
5807,2000,0
5808,2000,0
5809,2000,37.451
5810,2000,0
5811,2000,34.266
5812,2000,24.567
5813,2000,0
5814,2000,119.3
5815,2000,0
5816,2000,0
5817,2000,0
5818,2000,0.78692
5819,2000,460.86
5820,2000,0
5821,2000,0
5822,2000,0
5823,2000,0
5824,2000,0
5825,2000,284.33
5826,2000,34.625
5827,2000,0
5828,2000,4.7809
5829,2000,8.4082
5830,2000,88.667
5831,2000,0
5832,2000,8.9553
5833,2000,0
5834,2000,0
5835,2000,7.6493
5836,2000,0
5837,2000,0
5838,2000,7.0551
5839,2000,256.99
5840,2000,73.52
5841,2000,100.11
5842,2000,0
5843,2000,0
5844,2000,0.42063
5845,2000,0
5846,2000,0
5847,2000,18.571
5848,2000,221.68
5849,2000,41.935
5850,2000,0
5851,2000,0
5852,2000,0
5853,2000,0
5854,2000,142.84
5855,2000,0
5856,2000,0
5857,2000,0
5858,2000,196.58
5859,2000,0
5860,2000,0
5861,2000,0
5862,2000,0
5863,2000,27.907
5864,2000,0
5865,2000,0
5866,2000,0
5867,2000,498.22
5868,2000,7.5628
5869,2000,0
5870,2000,0
5871,2000,9.4218
5872,2000,0
5873,2000,0
5874,2000,0
5875,2000,1.042
5876,2000,4.9647
5877,2000,2.2369
5878,2000,123.56
5879,2000,34.431
5880,2000,98.16
5881,2000,129.47
5882,2000,0
5883,2000,3.0162
5884,2000,0
5885,2000,0
5886,2000,282.39
5887,2000,0
5888,2000,7.2197
5889,2000,0
5890,2000,0
5891,2000,0
5892,2000,0.61872
5893,2000,38.48
5894,2000,0
5895,2000,0
5896,2000,0
5897,2000,65.653
5898,2000,14.852
5899,2000,8.9364
5900,2000,0
5901,2000,0
5902,2000,0
5903,2000,0
5904,2000,44.342
5905,2000,0
5906,2000,0
5907,2000,11.621
5908,2000,0
5909,2000,0
5910,2000,0
5911,2000,243.8
5912,2000,0
5913,2000,0
5914,2000,0
5915,2000,2.6873
5916,2000,0
5917,2000,45.547
5918,2000,0
5919,2000,0
5920,2000,0
5921,2000,2.5376
5922,2000,0
5923,2000,0
5924,2000,0
5925,2000,4.7927
5926,2000,0
5927,2000,32.833
5928,2000,154.81
5929,2000,0
5930,2000,0
5931,2000,0
5932,2000,0
5933,2000,0
5934,2000,0
5935,2000,0
5936,2000,0
5937,2000,18.291
5938,2000,0
5939,2000,44.967
5940,2000,0
5941,2000,0
5942,2000,0
5943,2000,0
5944,2000,0
5945,2000,0
5946,2000,0
5947,2000,0
5948,2000,0
5949,2000,0
5950,2000,0
5951,2000,0
5952,2000,201.23
5953,2000,0
5954,2000,31.493
5955,2000,0
5956,2000,0.21702
5957,2000,461.69
5958,2000,0
5959,2000,0
5960,2000,0
5961,2000,0
5962,2000,0
5963,2000,0
5964,2000,38.003
5965,2000,13.385
5966,2000,18.727
5967,2000,0
5968,2000,12.073
5969,2000,0
5970,2000,0
5971,2000,293.16
5972,2000,5.6546
5973,2000,12.5
5974,2000,0
5975,2000,0
5976,2000,20
5977,2000,0
5978,2000,0
5979,2000,92.921
5980,2000,7.0504
5981,2000,0
5982,2000,43.436
5983,2000,0
5984,2000,165.03
5985,2000,0
5986,2000,0
5987,2000,0
5988,2000,0.36559
5989,2000,0
5990,2000,22.444
5991,2000,121.96
5992,2000,83.184
5993,2000,0
5994,2000,0
5995,2000,0
5996,2000,5.4081
5997,2000,0
5998,2000,0
5999,2000,191.72
6000,2000,0
6001,2000,0
6002,2000,0
6003,2000,60.512
6004,2000,0
6005,2000,0.52787
6006,2000,13.017
6007,2000,0
6008,2000,0
6009,2000,0
6010,2000,0
6011,2000,114.31
6012,2000,0
6013,2000,34.705
6014,2000,12.004
6015,2000,321.5
6016,2000,0
6017,2000,0
6018,2000,0
6019,2000,0
6020,2000,0
6021,2000,0
6022,2000,142.97
6023,2000,0
6024,2000,0
6025,2000,0
6026,2000,0
6027,2000,0
6028,2000,0
6029,2000,90.874
6030,2000,0
6031,2000,0
6032,2000,0
6033,2000,0
6034,2000,1.9716
6035,2000,0
6036,2000,5.9949
6037,2000,5.4391
6038,2000,48.971
6039,2000,479.09
6040,2000,0
6041,2000,0
6042,2000,0
6043,2000,0
6044,2000,0
6045,2000,0
6046,2000,0
6047,2000,0
6048,2000,0
6049,2000,0
6050,2000,481.25
6051,2000,0
6052,2000,201.91
6053,2000,56.074
6054,2000,4.2594
6055,2000,0
6056,2000,0
6057,2000,22.146
6058,2000,0
6059,2000,31.766
6060,2000,0
6061,2000,0
6062,2000,0
6063,2000,21.556
6064,2000,0
6065,2000,0
6066,2000,0
6067,2000,3.4472
6068,2000,0
6069,2000,0
6070,2000,0
6071,2000,0
6072,2000,0
6073,2000,0
6074,2000,0
6075,2000,3.6458
6076,2000,68.729
6077,2000,0
6078,2000,2.2419
6079,2000,0
6080,2000,2.408
6081,2000,0
6082,2000,0
6083,2000,0
6084,2000,0
6085,2000,0
6086,2000,0
6087,2000,0
6088,2000,0
6089,2000,0
6090,2000,102.75
6091,2000,20.611
6092,2000,0
6093,2000,0
6094,2000,0
6095,2000,0
6096,2000,50.362
6097,2000,189.77
6098,2000,0.62341
6099,2000,428.69
6100,2000,34.687
6101,2000,0
6102,2000,31.323
6103,2000,0
6104,2000,36.911
6105,2000,55.039
6106,2000,461.46
6107,2000,63.635
6108,2000,0
6109,2000,38.757
6110,2000,0
6111,2000,28.117
6112,2000,0
6113,2000,0
6114,2000,0.34356
6115,2000,0
6116,2000,51.156
6117,2000,0
6118,2000,69.858
6119,2000,42.967
6120,2000,0
6121,2000,51.029
6122,2000,169.98
6123,2000,0
6124,2000,353.31
6125,2000,0
6126,2000,0
6127,2000,35.856
6128,2000,0
6129,2000,35.602
6130,2000,0
6131,2000,1.8099
6132,2000,0
6133,2000,44.977
6134,2000,0
6135,2000,0.14162
6136,2000,63.987
6137,2000,0
6138,2000,0
6139,2000,214.78
6140,2000,0
6141,2000,0
6142,2000,0
6143,2000,0
6144,2000,11.011
6145,2000,0
6146,2000,24.105
6147,2000,122.21
6148,2000,0
6149,2000,0.10599
6150,2000,2.2152
6151,2000,0
6152,2000,0
6153,2000,0
6154,2000,0
6155,2000,0
6156,2000,0
6157,2000,25.984
6158,2000,0
6159,2000,0
6160,2000,4.4258
6161,2000,0
6162,2000,0
6163,2000,0
6164,2000,123.21
6165,2000,0
6166,2000,0
6167,2000,11.187
6168,2000,0.47962
6169,2000,86.12
6170,2000,181.75
6171,2000,47.016
6172,2000,0
6173,2000,3.106
6174,2000,0
6175,2000,0
6176,2000,204.12
6177,2000,0
6178,2000,0.36905
6179,2000,5.6075
6180,2000,0
6181,2000,0
6182,2000,0
6183,2000,0
6184,2000,0.1217
6185,2000,10.287
6186,2000,0
6187,2000,52.224
6188,2000,0
6189,2000,0.31725
6190,2000,57.568
6191,2000,0
6192,2000,0
6193,2000,0
6194,2000,0
6195,2000,0
6196,2000,0
6197,2000,14.033
6198,2000,0
6199,2000,7.3675
6200,2000,0.16913
6201,2000,0
6202,2000,0
6203,2000,0
